timestamp,task_id,task_location,candidate_robot,assigned_robot,idle,workload,battery,battery_bucket,distance,distance_bucket,score,is_chosen,label
2026-01-21 23:38:09,order_1,4,1,2,True,0,39.48,medium,5.180953826251535,medium,6.387267331101442,False,0
2026-01-21 23:38:09,order_1,4,2,2,True,0,54.93,medium,4.947715014620181,medium,9.23569503724195,True,1
2026-01-21 23:38:09,order_1,4,3,2,True,0,32.3,medium,4.8210460055050905,medium,5.5496322450063404,False,0
2026-01-21 23:38:09,order_1,4,4,2,True,0,35.04,medium,4.809374585364018,medium,6.031377031644325,False,0
2026-01-21 23:38:12,order_2,3,1,2,True,0,37.48,medium,4.271097265660576,medium,7.110361004648612,False,0
2026-01-21 23:38:12,order_2,3,2,2,True,0,52.93,medium,3.98495591823123,medium,10.618204636449061,True,1
2026-01-21 23:38:12,order_2,3,3,2,True,0,30.3,medium,3.826548701589522,medium,6.278744583926986,False,0
2026-01-21 23:38:12,order_2,3,4,2,True,0,33.04,medium,3.8118335493738376,medium,6.866099607016146,False,0
2026-01-21 23:38:15,order_3,4,1,2,True,0,32.48,medium,5.180953340315233,medium,5.254756452797688,False,0
2026-01-21 23:38:15,order_3,4,2,2,True,0,47.93,medium,4.947714712875957,medium,8.058772882917976,True,1
2026-01-21 23:38:15,order_3,4,3,2,True,0,25.3,low,4.8210458912981515,medium,4.347099643552517,False,0
2026-01-21 23:38:15,order_3,4,4,2,True,0,28.04,low,4.809374684815637,medium,4.826427965761797,False,0
2026-01-21 23:38:15,order_4,8,1,1,True,0,32.48,medium,1.8554186366832548,near,11.374655902361738,True,1
2026-01-21 23:38:15,order_4,8,2,1,False,0,47.93,medium,2.1633724364826077,near,15.151956655711524,False,0
2026-01-21 23:38:15,order_4,8,3,1,True,0,25.3,low,2.6538238149579714,near,6.9255300202415775,False,0
2026-01-21 23:38:15,order_4,8,4,1,True,0,28.04,low,3.245054809034591,medium,6.604986202465388,False,0
2026-01-21 23:38:20,order_5,1,1,2,True,0,27.48,low,2.653722948391161,near,7.520932713730487,False,0
2026-01-21 23:38:20,order_5,1,2,2,True,0,42.93,medium,2.16329618241061,near,13.571692174186792,True,1
2026-01-21 23:38:20,order_5,1,3,2,True,0,20.3,low,1.855385335163659,near,7.111007494896047,False,0
2026-01-21 23:38:20,order_5,1,4,2,True,0,23.04,low,1.8248445982016686,near,8.15567994680112,False,0
2026-01-21 23:38:21,order_6,7,1,1,True,0,26.48,low,2.8359458514361844,near,6.902966171837113,True,1
2026-01-21 23:38:21,order_6,7,2,1,False,0,41.93,medium,3.0463409252510587,medium,10.36276547578733,False,0
2026-01-21 23:38:21,order_6,7,3,1,True,0,19.3,low,3.4121540872071763,medium,4.375338244676897,False,0
2026-01-21 23:38:21,order_6,7,4,1,True,0,22.04,low,3.889781164419373,medium,4.507058230488261,False,0
2026-01-21 23:38:22,order_7,4,1,2,False,0,26.48,low,5.180952765702753,medium,4.284032810668514,False,0
2026-01-21 23:38:22,order_7,4,2,2,True,0,41.93,medium,4.947714340638545,medium,7.049982504532203,True,1
2026-01-21 23:38:22,order_7,4,3,2,True,0,19.3,low,4.821045760425432,medium,3.3163571141131447,False,0
2026-01-21 23:38:22,order_7,4,4,2,True,0,22.04,low,4.809374799496248,medium,3.793614494333169,False,0
2026-01-21 23:38:23,order_8,7,1,4,False,0,26.48,low,2.8359458915440183,near,6.902966099661167,False,0
2026-01-21 23:38:23,order_8,7,2,4,False,0,41.93,medium,3.0463410049633803,medium,10.362765271642376,False,0
2026-01-21 23:38:23,order_8,7,3,4,True,0,19.3,low,3.4121542107193426,medium,4.375338122195342,False,0
2026-01-21 23:38:23,order_8,7,4,4,True,0,22.04,low,3.8897812915208934,medium,4.507058113334974,True,1
2026-01-21 23:38:23,order_9,6,1,1,True,0,25.48,low,3.8265648630075204,medium,5.278993481419041,True,1
2026-01-21 23:38:23,order_9,6,2,1,False,0,40.93,medium,3.9849972919395946,medium,8.210893536419803,False,0
2026-01-21 23:38:23,order_9,6,3,1,True,0,18.3,low,4.2711598633214125,medium,3.4726069771731565,False,0
2026-01-21 23:38:23,order_9,6,4,1,False,0,21.04,low,4.661588697639141,medium,3.716011452961214,False,0
2026-01-21 23:38:23,order_10,4,1,3,False,0,25.48,low,5.180952681346578,medium,4.122245511821644,False,0
2026-01-21 23:38:23,order_10,4,2,3,False,0,40.93,medium,4.947714284983497,medium,6.881850755137712,False,0
2026-01-21 23:38:23,order_10,4,3,3,True,0,18.3,low,4.8210457416737125,medium,3.1445666863806396,True,1
2026-01-21 23:38:23,order_10,4,4,3,False,0,21.04,low,4.809374818580191,medium,3.6214789197445207,False,0
2026-01-21 23:41:38,order_497,2,1,2,True,0,57.0,medium,3.412049850568433,medium,12.919164998250489,False,0
2026-01-21 23:41:38,order_497,2,2,2,True,0,72.0,high,3.046269179993896,medium,17.79416959108702,True,1
2026-01-21 23:41:38,order_497,2,3,2,True,0,50.0,medium,2.8359172803697694,near,13.034691925155428,False,0
2026-01-21 23:41:38,order_497,2,4,2,True,0,53.0,medium,2.8160427043068452,near,13.888733462071421,False,0
2026-01-21 23:41:40,order_101,8,1,2,True,0,56.0,medium,1.855430276839933,near,19.611755347069604,False,0
2026-01-21 23:41:40,order_101,8,2,2,True,0,71.0,high,2.1633983814060542,near,22.444217085437785,True,1
2026-01-21 23:41:40,order_101,8,3,2,True,0,49.0,medium,2.653857947659348,near,13.410483029694484,False,0
2026-01-21 23:41:40,order_101,8,4,2,True,0,52.0,medium,3.245093345899226,medium,12.249436175586613,False,0
2026-01-21 23:41:41,order_999,6,1,1,True,0,55.0,medium,3.82657056462012,medium,11.395254511176681,True,1
2026-01-21 23:41:41,order_999,6,2,1,False,0,70.0,high,3.9850111242597412,medium,14.04209504354813,False,0
2026-01-21 23:41:41,order_999,6,3,1,True,0,48.0,medium,4.2711805505277995,medium,9.106119500155197,False,0
2026-01-21 23:41:41,order_999,6,4,1,True,0,51.0,medium,4.661614812422325,medium,9.008030692603691,False,0
2026-01-21 23:41:43,order_609,3,1,2,True,0,52.0,medium,4.271076015596441,medium,9.86515843181518,False,0
2026-01-21 23:41:43,order_609,3,2,2,True,0,67.0,high,3.9849421078515737,medium,13.440477050770783,True,1
2026-01-21 23:41:43,order_609,3,3,2,True,0,45.0,medium,3.826543634973551,medium,9.323442074350291,False,0
2026-01-21 23:41:43,order_609,3,4,2,True,0,48.0,medium,3.811837818158621,medium,9.97539855122725,False,0
2026-01-21 23:41:44,order_136,3,1,4,True,0,51.0,medium,4.271075810312352,medium,9.675444223401874,False,0
2026-01-21 23:41:44,order_136,3,2,4,False,0,66.0,high,3.984941964178476,medium,13.239873297276567,False,0
2026-01-21 23:41:44,order_136,3,3,4,True,0,44.0,medium,3.8265435892796957,medium,9.116254559003469,False,0
2026-01-21 23:41:44,order_136,3,4,4,True,0,47.0,medium,3.8118378557532835,medium,9.767577671763057,True,1
2026-01-21 23:41:46,order_749,5,1,2,True,0,49.0,medium,4.821063551177938,medium,8.4177057283775,False,0
2026-01-21 23:41:46,order_749,5,2,2,True,0,64.0,high,4.947759776961601,medium,10.760353881120304,True,1
2026-01-21 23:41:46,order_749,5,3,2,True,0,42.0,medium,5.181022896337058,medium,6.794991816789686,False,0
2026-01-21 23:41:46,order_749,5,4,2,False,0,45.0,medium,5.507328643713659,medium,6.915280057888549,False,0
2026-01-21 23:41:46,order_986,2,1,4,True,0,49.0,medium,3.4120487400171373,medium,11.105951653609717,False,0
2026-01-21 23:41:46,order_986,2,2,4,False,0,64.0,high,3.0462684002863902,medium,15.81704268443244,False,0
2026-01-21 23:41:46,order_986,2,3,4,True,0,42.0,medium,2.835916987651089,near,10.949142052659111,False,0
2026-01-21 23:41:46,order_986,2,4,4,True,0,45.0,medium,2.816042936826274,near,11.792320145492283,True,1
2026-01-21 23:41:48,order_407,3,1,2,True,0,47.0,medium,4.2710754196673015,medium,8.91658651375672,False,0
2026-01-21 23:41:48,order_407,3,2,2,True,0,62.0,high,3.984941704890799,medium,12.437457380729427,True,1
2026-01-21 23:41:48,order_407,3,3,2,True,0,40.0,medium,3.82654348866911,medium,8.287504317303844,False,0
2026-01-21 23:41:48,order_407,3,4,2,False,0,43.0,medium,3.811837937311872,medium,8.936294314189208,False,0
2026-01-21 23:41:50,order_443,6,1,1,True,0,46.0,medium,3.8265708277643364,medium,9.530575980650669,True,1
2026-01-21 23:41:50,order_443,6,2,1,False,0,61.0,high,3.9850117549138657,medium,12.23668127559992,False,0
2026-01-21 23:41:50,order_443,6,3,1,True,0,39.0,medium,4.271181512582866,medium,7.398720743518865,False,0
2026-01-21 23:41:50,order_443,6,4,1,True,0,42.0,medium,4.661615999987933,medium,7.418376661378928,False,0
2026-01-21 23:41:51,order_920,4,1,2,False,0,45.0,medium,5.1809356111127345,medium,7.280451185916624,False,0
2026-01-21 23:41:51,order_920,4,2,2,True,0,60.0,high,4.94770348578658,medium,10.087927238367541,True,1
2026-01-21 23:41:51,order_920,4,3,2,True,0,38.0,medium,4.82104190684428,medium,6.528040960385505,False,0
2026-01-21 23:41:51,order_920,4,4,2,True,0,41.0,medium,4.809378241896231,medium,7.057553888351613,False,0
2026-01-21 23:41:52,order_498,2,1,2,True,0,42.0,medium,3.4120479667403676,medium,9.519388800079096,False,0
2026-01-21 23:41:52,order_498,2,2,2,True,0,57.0,medium,3.04626786428696,medium,14.087055506900958,True,1
2026-01-21 23:41:52,order_498,2,3,2,True,0,35.0,medium,2.835916782040385,near,9.124285532957506,False,0
2026-01-21 23:41:52,order_498,2,4,2,True,0,38.0,medium,2.8160430961805805,near,9.957958818136415,False,0
2026-01-21 23:41:54,order_853,4,1,1,True,0,42.0,medium,5.180935362462857,medium,6.795088046878502,True,1
2026-01-21 23:41:54,order_853,4,2,1,False,0,57.0,medium,4.94770332415786,medium,9.583531136881424,False,0
2026-01-21 23:41:54,order_853,4,3,1,True,0,35.0,medium,4.821041847115942,medium,6.012669367312809,False,0
2026-01-21 23:41:54,order_853,4,4,1,True,0,38.0,medium,4.809378295079167,medium,6.541147446395063,False,0
2026-01-21 23:41:55,order_843,3,1,2,False,0,41.0,medium,4.271074805701046,medium,7.778299779706324,False,0
2026-01-21 23:41:55,order_843,3,2,2,True,0,56.0,medium,3.9849413114884973,medium,11.233833359470077,True,1
2026-01-21 23:41:55,order_843,3,3,2,True,0,34.0,medium,3.826543351230446,medium,7.044378870301096,False,0
2026-01-21 23:41:55,order_843,3,4,2,True,0,37.0,medium,3.8118380595769965,medium,7.689369330781807,False,0
2026-01-21 23:41:56,order_690,1,1,4,True,0,39.0,medium,2.6536875246587295,near,10.674147621215301,False,0
2026-01-21 23:41:56,order_690,1,2,4,False,0,54.0,medium,2.1632696326682446,near,17.070944393207018,False,0
2026-01-21 23:41:56,order_690,1,3,4,True,0,32.0,medium,1.8553740640047223,near,11.206937964239728,False,0
2026-01-21 23:41:56,order_690,1,4,4,True,0,35.0,medium,1.8248531410445534,near,12.390024632239097,True,1
2026-01-21 23:41:57,order_726,8,1,2,True,0,39.0,medium,1.8554312506155672,near,13.65818210177271,False,0
2026-01-21 23:41:57,order_726,8,2,2,True,0,54.0,medium,2.16340053231114,near,17.070238007625385,True,1
2026-01-21 23:41:57,order_726,8,3,2,True,0,32.0,medium,2.653860753740228,near,8.757859742532228,False,0
2026-01-21 23:41:57,order_726,8,4,2,False,0,35.0,medium,3.24509655260706,medium,8.244806582433394,False,0
2026-01-21 23:41:58,order_689,6,1,1,True,0,38.0,medium,3.826571064445984,medium,7.87308411968069,True,1
2026-01-21 23:41:58,order_689,6,2,1,False,0,53.0,medium,3.985012328329115,medium,10.631869393543633,False,0
2026-01-21 23:41:58,order_689,6,3,1,True,0,31.0,medium,4.271182361047088,medium,5.881033490528307,False,0
2026-01-21 23:41:58,order_689,6,4,1,False,0,34.0,medium,4.661617037986878,medium,6.005351434382694,False,0
2026-01-21 23:41:59,order_728,3,1,2,False,0,37.0,medium,4.271074413126909,medium,7.019441787400387,False,0
2026-01-21 23:41:59,order_728,3,2,2,True,0,52.0,medium,3.9849410451612286,medium,10.431417248249153,True,1
2026-01-21 23:41:59,order_728,3,3,2,True,0,30.0,medium,3.8265432523696346,medium,6.215628542284632,False,0
2026-01-21 23:41:59,order_728,3,4,2,True,0,33.0,medium,3.8118381392995113,medium,6.858086046261733,False,0
2026-01-21 23:42:00,order_627,6,1,1,True,0,36.0,medium,3.826571119771309,medium,7.458711185779801,True,1
2026-01-21 23:42:00,order_627,6,2,1,False,0,51.0,medium,3.98501245878221,medium,10.230666507192403,False,0
2026-01-21 23:42:00,order_627,6,3,1,True,0,29.0,low,4.2711825448418095,medium,5.501611783181056,False,0
2026-01-21 23:42:00,order_627,6,4,1,True,0,32.0,medium,4.661617323572651,medium,5.652095182548833,False,0
2026-01-21 23:42:01,order_102,1,1,2,False,0,35.0,medium,2.6536868998762038,near,9.579364887885136,False,0
2026-01-21 23:42:01,order_102,1,2,2,True,0,50.0,medium,2.163269123682391,near,15.806432537043996,True,1
2026-01-21 23:42:01,order_102,1,3,2,True,0,28.0,low,1.8553738552913637,near,9.806071435483837,False,0
2026-01-21 23:42:01,order_102,1,4,2,True,0,31.0,medium,1.8248532948698897,near,10.974021219543664,False,0
2026-01-21 23:42:03,order_734,2,1,2,True,0,33.0,medium,3.4120467031588877,medium,7.479521913576534,False,0
2026-01-21 23:42:03,order_734,2,2,2,True,0,48.0,medium,3.046267019307692,medium,11.86278606205596,True,1
2026-01-21 23:42:03,order_734,2,3,2,True,0,26.0,low,2.8359164498022933,near,6.7780412686882325,False,0
2026-01-21 23:42:03,order_734,2,4,2,True,0,29.0,low,2.816043363039879,near,7.599494356085737,False,0
2026-01-21 23:42:04,order_253,1,1,4,True,0,31.0,medium,2.6536864057267384,near,8.484581476782195,False,0
2026-01-21 23:42:04,order_253,1,2,4,False,0,46.0,medium,2.1632687676606164,near,14.541919570754379,False,0
2026-01-21 23:42:04,order_253,1,3,4,True,0,24.0,low,1.855373686380208,near,8.405204584771912,False,0
2026-01-21 23:42:04,order_253,1,4,4,True,0,27.0,low,1.8248534168134272,near,9.558018068936589,True,1
2026-01-21 23:42:05,order_586,1,1,2,True,0,30.0,medium,2.6536860820672783,near,8.21088602746786,False,0
2026-01-21 23:42:05,order_586,1,2,2,True,0,45.0,medium,2.1632685254247415,near,14.225791973812186,True,1
2026-01-21 23:42:05,order_586,1,3,2,True,0,23.0,low,1.8553735846750952,near,8.054988013982452,False,0
2026-01-21 23:42:05,order_586,1,4,2,False,0,26.0,low,1.8248534961899792,near,9.204017141089794,False,0
2026-01-21 23:42:06,order_916,3,1,1,True,0,30.0,medium,4.271073713502235,medium,5.691440042500798,True,1
2026-01-21 23:42:06,order_916,3,2,1,False,0,45.0,medium,3.9849405954304986,medium,9.027188817706223,False,0
2026-01-21 23:42:06,order_916,3,3,1,True,0,23.0,low,3.8265430814691808,medium,4.765315384484021,False,0
2026-01-21 23:42:06,order_916,3,4,1,True,0,26.0,low,3.8118382813292704,medium,5.403340361808148,False,0
2026-01-21 23:42:07,order_814,1,1,4,False,0,28.0,low,2.653685889339465,near,7.66349402987732,False,0
2026-01-21 23:42:07,order_814,1,2,4,False,0,43.0,medium,2.1632683881831336,near,13.593535142523153,False,0
2026-01-21 23:42:07,order_814,1,3,4,True,0,21.0,low,1.8553735339584188,near,7.354554404266539,False,0
2026-01-21 23:42:07,order_814,1,4,4,True,0,24.0,low,1.824853532962245,near,8.496015711948335,True,1
2026-01-21 23:42:08,order_369,3,1,2,True,0,27.0,low,4.271073490210481,medium,5.122296255240003,False,0
2026-01-21 23:42:08,order_369,3,2,2,True,0,42.0,medium,3.984940470797694,medium,8.425376440509254,True,1
2026-01-21 23:42:08,order_369,3,3,2,True,0,20.0,low,3.8265430367296425,medium,4.1437525466574,False,0
2026-01-21 23:42:08,order_369,3,4,2,False,0,23.0,low,3.8118383197175736,medium,4.779877974235419,False,0
2026-01-21 23:42:09,order_377,2,1,1,True,0,27.0,low,3.412045942516806,medium,6.119609893408801,True,1
2026-01-21 23:42:09,order_377,2,2,1,False,0,42.0,medium,3.046266483746489,medium,10.379939178180788,False,0
2026-01-21 23:42:09,order_377,2,3,1,True,0,20.0,low,2.835916249175876,near,5.213878171687634,False,0
2026-01-21 23:42:09,order_377,2,4,1,True,0,23.0,low,2.816043522236144,near,6.027184927524711,False,0
2026-01-21 23:42:09,order_897,1,1,4,False,0,25.0,low,2.653685423786945,near,6.842406255678187,False,0
2026-01-21 23:42:09,order_897,1,2,4,False,0,40.0,medium,2.163268035802572,near,12.645150378428605,False,0
2026-01-21 23:42:09,order_897,1,3,4,True,0,18.0,low,1.855373380547546,near,6.303904113775944,False,0
2026-01-21 23:42:09,order_897,1,4,4,True,0,21.0,low,1.824853659221983,near,7.434013415683909,True,1
2026-01-21 23:42:10,order_724,1,1,2,False,0,25.0,low,2.653685423786945,near,6.842406255678187,False,0
2026-01-21 23:42:10,order_724,1,2,2,True,0,40.0,medium,2.163268035802572,near,12.645150378428605,True,1
2026-01-21 23:42:10,order_724,1,3,2,True,0,18.0,low,1.855373380547546,near,6.303904113775944,False,0
2026-01-21 23:42:10,order_724,1,4,2,False,0,21.0,low,1.824853659221983,near,7.434013415683909,False,0
2026-01-21 23:42:12,order_928,2,1,2,True,0,24.0,low,3.4120455789308592,medium,5.439653686854195,False,0
2026-01-21 23:42:12,order_928,2,2,2,True,0,39.0,medium,3.0462662301509478,medium,9.638515555251805,True,1
2026-01-21 23:42:12,order_928,2,3,2,True,0,17.0,low,2.835916149389608,near,4.431796561221791,False,0
2026-01-21 23:42:12,order_928,2,4,2,True,0,20.0,low,2.8160436037134673,near,5.2410302598580385,False,0
2026-01-21 23:42:12,order_698,4,1,1,True,0,23.0,low,5.18093379928013,medium,3.7211205858051293,True,1
2026-01-21 23:42:12,order_698,4,2,1,False,0,38.0,medium,4.947702336300857,medium,6.389021819076761,False,0
2026-01-21 23:42:12,order_698,4,3,1,True,0,16.0,low,4.821041497042362,medium,2.7486490189306343,False,0
2026-01-21 23:42:12,order_698,4,4,1,True,0,19.0,low,4.809378609246249,medium,3.2705735463272205,False,0
2026-01-21 23:42:14,order_910,2,1,2,False,0,22.0,low,3.412045300717178,medium,4.986349527377676,False,0
2026-01-21 23:42:14,order_910,2,2,2,True,0,37.0,medium,3.0462660546302045,medium,9.144233102927162,True,1
2026-01-21 23:42:14,order_910,2,3,2,True,0,15.0,low,2.8359160896435744,near,3.9104087913961045,False,0
2026-01-21 23:42:14,order_910,2,4,2,True,0,18.0,low,2.8160436522741725,near,4.71692717384742,False,0
2026-01-21 23:42:16,order_146,8,1,2,True,0,20.0,low,1.85543233806713,near,7.004193282176735,False,0
2026-01-21 23:42:16,order_146,8,2,2,True,0,35.0,medium,2.1634029474856775,near,11.064034705986018,True,1
2026-01-21 23:42:16,order_146,8,3,2,True,0,13.0,low,2.6538639319302417,near,3.5578774257016286,False,0
2026-01-21 23:42:16,order_146,8,4,2,True,0,16.0,low,3.2451001443120684,medium,3.7690512487527776,False,0
2026-01-21 23:42:17,order_358,1,1,4,True,0,19.0,low,2.653684251834736,near,5.200230422335743,False,0
2026-01-21 23:42:17,order_358,1,2,4,False,0,34.0,medium,2.163267185923453,near,10.748380709444998,False,0
2026-01-21 23:42:17,order_358,1,3,4,True,0,12.0,low,1.8553730117392522,near,4.202603285337705,False,0
2026-01-21 23:42:17,order_358,1,4,4,True,0,15.0,low,1.8248539347305026,near,5.310009064745159,True,1
2026-01-21 23:42:19,order_523,2,1,2,True,0,17.0,low,3.41204467320275,medium,3.85308881917089,False,0
2026-01-21 23:42:19,order_523,2,2,2,True,0,32.0,medium,3.0462656207726506,medium,7.90852677484121,True,1
2026-01-21 23:42:19,order_523,2,3,2,True,0,10.0,low,2.8359159243687,near,2.60693930658706,False,0
2026-01-21 23:42:19,order_523,2,4,2,True,0,13.0,low,2.816043788701155,near,3.4066695037649803,False,0
2026-01-21 23:42:21,order_196,1,1,2,True,0,15.0,low,2.653683585407789,near,4.105445819092691,False,0
2026-01-21 23:42:21,order_196,1,2,2,True,0,30.0,medium,2.1632666755031753,near,9.483866862166451,True,1
2026-01-21 23:42:21,order_196,1,3,2,True,0,18.0,low,1.8553728116900783,near,6.3039053696620115,False,0
2026-01-21 23:42:21,order_196,1,4,2,True,0,11.0,low,1.8248540849650872,near,3.8940064403843184,False,0
2026-01-21 23:42:21,order_517,3,1,3,True,0,13.0,low,4.271072096774482,medium,2.466291441537115,False,0
2026-01-21 23:42:21,order_517,3,2,3,False,0,28.0,low,3.984939552004278,medium,5.6169186622819,False,0
2026-01-21 23:42:21,order_517,3,3,3,True,0,26.0,low,3.826542700148838,medium,5.386878686310643,True,1
2026-01-21 23:42:21,order_517,3,4,3,True,0,14.0,low,3.8118386030253553,medium,2.909490769536151,False,0
2026-01-21 23:42:23,order_318,3,1,2,True,0,13.0,low,4.271071981777127,medium,2.466291495343436,False,0
2026-01-21 23:42:23,order_318,3,2,2,True,0,28.0,low,3.984939481569572,medium,5.616918741646155,True,1
2026-01-21 23:42:23,order_318,3,3,2,False,0,26.0,low,3.8265426685067987,medium,5.386878721626156,False,0
2026-01-21 23:42:23,order_318,3,4,2,True,0,14.0,low,3.811838624210514,medium,2.90949075672649,False,0
2026-01-21 23:42:24,order_969,4,1,3,True,0,11.0,low,5.180932894946406,medium,1.7796666275075905,False,0
2026-01-21 23:42:24,order_969,4,2,3,False,0,26.0,low,4.947701759700399,medium,4.371436405262809,False,0
2026-01-21 23:42:24,order_969,4,3,3,True,0,34.0,medium,4.8210412938434875,medium,5.840879369118966,True,1
2026-01-21 23:42:24,order_969,4,4,3,True,0,22.0,low,4.80937878810797,medium,3.786979779152098,False,0
2026-01-21 23:42:26,order_700,3,1,3,True,0,10.0,low,4.271071681656728,medium,1.8971474121287122,False,0
2026-01-21 23:42:26,order_700,3,2,3,True,0,25.0,low,3.9849392927566916,medium,5.01510620928242,False,0
2026-01-21 23:42:26,order_700,3,3,3,True,0,38.0,medium,3.8265426045183033,medium,7.873130543678783,True,1
2026-01-21 23:42:26,order_700,3,4,3,True,0,26.0,low,3.8118386860396547,medium,5.403339907348201,False,0
2026-01-21 23:42:26,order_940,6,1,4,True,0,18.0,low,3.8265719054423624,medium,3.7293549858241,False,0
2026-01-21 23:42:26,order_940,6,2,4,True,0,23.0,low,3.9850143476915965,medium,4.6138282451785875,False,0
2026-01-21 23:42:26,order_940,6,3,4,False,0,46.0,medium,4.271185398095503,medium,8.726689828936761,False,0
2026-01-21 23:42:26,order_940,6,4,4,True,0,34.0,medium,4.661620879591988,medium,6.005347359544543,True,1
2026-01-21 23:42:27,order_993,2,1,2,True,0,18.0,low,3.4120436548278104,medium,4.079742044325372,False,0
2026-01-21 23:42:27,order_993,2,2,2,True,0,23.0,low,3.0462649462073306,medium,5.684254567056589,True,1
2026-01-21 23:42:27,order_993,2,3,2,False,0,46.0,medium,2.83591565127094,near,11.991921664064481,False,0
2026-01-21 23:42:27,order_993,2,4,2,False,0,34.0,medium,2.816043996808775,near,8.909750523954393,False,0
2026-01-21 23:42:29,order_736,1,1,3,True,0,26.0,low,2.653682285453247,near,7.116108618287987,False,0
2026-01-21 23:42:29,order_736,1,2,3,True,0,21.0,low,2.163265695240689,near,6.638708860781338,False,0
2026-01-21 23:42:29,order_736,1,3,3,True,0,54.0,medium,1.8553723925736334,near,18.91171888488008,True,1
2026-01-21 23:42:29,order_736,1,4,3,True,0,42.0,medium,1.8248544007285328,near,14.868022928604095,False,0
2026-01-21 23:42:30,order_384,5,1,4,True,0,26.0,low,4.821064587302641,medium,4.466536938400103,False,0
2026-01-21 23:42:30,order_384,5,2,4,True,0,21.0,low,4.947762277389976,medium,3.530739632925497,False,0
2026-01-21 23:42:30,order_384,5,3,4,False,0,54.0,medium,5.181026722522626,medium,8.736412642131613,False,0
2026-01-21 23:42:30,order_384,5,4,4,True,0,42.0,medium,5.5073336115138565,medium,6.4542564600786125,True,1
2026-01-21 23:42:31,order_204,4,1,3,True,0,30.0,medium,5.180932317923435,medium,4.853636709951694,False,0
2026-01-21 23:42:31,order_204,4,2,3,True,0,20.0,low,4.947701396457382,medium,3.362643594029882,False,0
2026-01-21 23:42:31,order_204,4,3,3,True,0,58.0,medium,4.8210411655232495,medium,9.963853261083479,True,1
2026-01-21 23:42:31,order_204,4,4,3,False,0,46.0,medium,4.809378906396824,medium,7.918230286089358,False,0
2026-01-21 23:42:31,order_441,3,1,4,True,0,38.0,medium,4.271071079251279,medium,7.209160989989467,False,0
2026-01-21 23:42:31,order_441,3,2,4,True,0,18.0,low,3.984938897951024,medium,3.610876756663678,False,0
2026-01-21 23:42:31,order_441,3,3,4,False,0,66.0,high,3.8265424605618827,medium,13.674385036346827,False,0
2026-01-21 23:42:31,order_441,3,4,4,True,0,54.0,medium,3.8118388070897042,medium,11.222321063714158,True,1
2026-01-21 23:42:33,order_664,2,1,3,True,0,42.0,medium,3.4120428971127734,medium,9.51939973826743,False,0
2026-01-21 23:42:33,order_664,2,2,3,True,0,17.0,low,3.046264413432323,medium,4.201406102766136,False,0
2026-01-21 23:42:33,order_664,2,3,3,True,0,70.0,high,2.8359154570926854,near,18.2485773690785,True,1
2026-01-21 23:42:33,order_664,2,4,3,False,0,58.0,medium,2.816044157550567,near,15.198985547701026,False,0
2026-01-21 23:42:34,order_363,1,1,3,True,0,50.0,medium,2.653681298513932,near,13.684827962509097,False,0
2026-01-21 23:42:34,order_363,1,2,3,True,0,15.0,low,2.1632649517477063,near,4.741936015101261,False,0
2026-01-21 23:42:34,order_363,1,3,3,True,0,78.0,high,1.8553720735813661,near,27.316930329912516,True,1
2026-01-21 23:42:34,order_363,1,4,3,True,0,66.0,high,1.8248546442725,near,23.364034016340455,False,0
2026-01-21 23:42:36,order_165,2,1,4,True,0,54.0,medium,3.4120425403843573,medium,12.239229224497858,False,0
2026-01-21 23:42:36,order_165,2,2,4,True,0,14.0,low,3.046264163812939,medium,3.4599817098464727,False,0
2026-01-21 23:42:36,order_165,2,3,4,False,0,82.0,high,2.835915357551018,near,21.3769054727922,False,0
2026-01-21 23:42:36,order_165,2,4,4,True,0,70.0,high,2.8160442387049045,near,18.343602857119055,True,1
2026-01-21 23:42:38,order_631,7,1,3,True,0,58.0,medium,2.8359556360803695,near,15.120091445912855,False,0
2026-01-21 23:42:38,order_631,7,2,3,True,0,13.0,low,3.0463642182609925,medium,3.212760715244516,False,0
2026-01-21 23:42:38,order_631,7,3,3,True,0,86.0,high,3.4121875433302686,medium,19.491465209814763,True,1
2026-01-21 23:42:38,order_631,7,4,3,True,0,74.0,high,3.889821624512385,medium,15.133476368348981,False,0
2026-01-21 23:42:38,order_141,6,1,4,True,0,62.0,high,3.826572253747045,medium,12.845555135296507,False,0
2026-01-21 23:42:38,order_141,6,2,4,True,0,12.0,low,3.9850151901220574,medium,2.4072143298135433,False,0
2026-01-21 23:42:38,order_141,6,3,4,False,0,90.0,high,4.271186664765436,medium,17.0739542580788,False,0
2026-01-21 23:42:38,order_141,6,4,4,True,0,78.0,high,4.6616224879579455,medium,13.776969440456869,True,1
2026-01-21 23:42:40,order_487,1,1,3,True,0,66.0,high,2.653680491044483,near,18.063976902679986,False,0
2026-01-21 23:42:40,order_487,1,2,3,True,0,11.0,low,2.1632643166802197,near,3.4774204425459683,False,0
2026-01-21 23:42:40,order_487,1,3,3,True,0,94.0,high,1.8553718108985628,near,32.920406246645314,True,1
2026-01-21 23:42:40,order_487,1,4,3,False,0,82.0,high,1.8248548350301315,near,29.02804030251181,False,0
2026-01-21 23:42:42,order_740,4,1,3,True,0,78.0,high,5.180931412397671,medium,12.619457294664057,False,0
2026-01-21 23:42:42,order_740,4,2,3,True,0,18.0,low,4.947700824575419,medium,3.026379525618615,False,0
2026-01-21 23:42:42,order_740,4,3,3,True,0,99.0,high,4.821040961748057,medium,17.007267368596274,True,1
2026-01-21 23:42:42,order_740,4,4,3,True,0,94.0,high,4.809379086073224,medium,16.18073095373401,False,0
2026-01-21 23:42:43,order_483,3,1,4,True,0,78.0,high,4.271069982931345,medium,14.797754583524364,False,0
2026-01-21 23:42:43,order_483,3,2,4,True,0,18.0,low,3.9849381731835942,medium,3.6108772816543144,False,0
2026-01-21 23:42:43,order_483,3,3,4,False,0,99.0,high,3.826542193766345,medium,20.511578688333465,False,0
2026-01-21 23:42:43,order_483,3,4,4,True,0,94.0,high,3.8118390252700567,medium,19.535150595509457,True,1
2026-01-21 23:42:45,order_640,3,1,4,True,0,90.0,high,4.271069786363567,medium,17.074332848491782,False,0
2026-01-21 23:42:45,order_640,3,2,4,True,0,30.0,medium,3.9849380442896454,medium,6.018128958366022,False,0
2026-01-21 23:42:45,order_640,3,3,4,True,0,96.0,high,3.8265421406890034,medium,19.890015916507817,False,0
2026-01-21 23:42:45,order_640,3,4,4,True,0,99.0,high,3.8118390660362205,medium,20.57425417628354,True,1
2026-01-21 23:42:47,order_581,2,1,4,True,0,98.0,high,3.412041123858822,medium,22.211941649874756,False,0
2026-01-21 23:42:47,order_581,2,2,4,True,0,38.0,medium,3.0462632071851194,medium,9.391381147059787,False,0
2026-01-21 23:42:47,order_581,2,3,4,True,0,94.0,high,2.835914986068435,near,24.505235476124025,False,0
2026-01-21 23:42:47,order_581,2,4,4,True,0,97.0,high,2.816044529011869,near,25.41899059682023,True,1
2026-01-21 23:42:48,order_502,1,1,3,True,0,98.0,high,2.6536792113633205,near,26.822278128635336,False,0
2026-01-21 23:42:48,order_502,1,2,3,True,0,38.0,medium,2.1632633725743413,near,12.012910568706351,False,0
2026-01-21 23:42:48,order_502,1,3,3,True,0,94.0,high,1.855371393097835,near,32.920411063591274,True,1
2026-01-21 23:42:48,order_502,1,4,3,False,0,97.0,high,1.824855157997941,near,34.33804374902775,False,0
2026-01-21 23:42:49,order_445,1,1,4,True,0,99.0,high,2.653678869555481,near,27.095977379107943,False,0
2026-01-21 23:42:49,order_445,1,2,4,True,0,46.0,medium,2.163263126360325,near,14.541945504523348,False,0
2026-01-21 23:42:49,order_445,1,3,4,False,0,92.0,high,1.8553712888909581,near,32.219977961511724,False,0
2026-01-21 23:42:49,order_445,1,4,4,True,0,95.0,high,1.824855232839563,near,33.63004195599269,True,1
2026-01-21 23:42:51,order_759,4,1,1,True,0,97.0,high,5.180930658166889,medium,15.693429576310406,True,1
2026-01-21 23:42:51,order_759,4,2,1,True,0,54.0,medium,4.947700354914252,medium,9.079139293791561,False,0
2026-01-21 23:42:51,order_759,4,3,1,True,0,90.0,high,4.821040791586572,medium,15.461152605231918,False,0
2026-01-21 23:42:51,order_759,4,4,1,False,0,93.0,high,4.809379238047463,medium,16.00859509926871,False,0
2026-01-21 23:42:52,order_121,4,1,4,False,0,95.0,high,5.180930497155004,medium,15.369854109138934,False,0
2026-01-21 23:42:52,order_121,4,2,4,True,0,62.0,high,4.947700247161831,medium,10.424197155797424,False,0
2026-01-21 23:42:52,order_121,4,3,4,True,0,88.0,high,4.821040753302325,medium,15.117571535653115,False,0
2026-01-21 23:42:52,order_121,4,4,4,True,0,91.0,high,4.809379270853828,medium,15.664324148460246,True,1
2026-01-21 23:42:54,order_203,7,1,1,True,0,95.0,high,2.8359562519917803,near,24.765663047036117,True,1
2026-01-21 23:42:54,order_203,7,2,1,True,0,62.0,high,3.0463656934181578,medium,15.322391671333502,False,0
2026-01-21 23:42:54,order_203,7,3,1,True,0,88.0,high,3.4121896459009835,medium,19.944745594005425,False,0
2026-01-21 23:42:54,order_203,7,4,1,False,0,91.0,high,3.8898241618296203,medium,18.610076147595176,False,0
2026-01-21 23:42:55,order_234,2,1,4,False,0,94.0,high,3.4120401153311692,medium,21.30533665670089,False,0
2026-01-21 23:42:55,order_234,2,2,4,True,0,66.0,high,3.046262503149541,medium,16.311349040905462,False,0
2026-01-21 23:42:55,order_234,2,3,4,True,0,87.0,high,2.835914719174376,near,22.680379093184186,False,0
2026-01-21 23:42:55,order_234,2,4,4,True,0,90.0,high,2.8160447419441144,near,23.58462913465443,True,1
2026-01-21 23:42:57,order_283,6,1,1,True,0,92.0,high,3.826572770667956,medium,19.06114428836592,True,1
2026-01-21 23:42:57,order_283,6,2,1,True,0,74.0,high,3.985016457231922,medium,14.844484593956725,False,0
2026-01-21 23:42:57,order_283,6,3,1,True,0,85.0,high,4.2711885521518065,medium,16.12539546992704,False,0
2026-01-21 23:42:57,order_283,6,4,1,True,0,88.0,high,4.661624897313835,medium,15.54324095927862,False,0
2026-01-21 23:42:59,order_978,3,1,4,True,0,90.0,high,4.271068373849407,medium,17.074337423984872,False,0
2026-01-21 23:42:59,order_978,3,2,4,True,0,82.0,high,3.9849371288888045,medium,16.449555506887343,False,0
2026-01-21 23:42:59,order_978,3,3,4,True,0,83.0,high,3.826541807956896,medium,17.196577446644845,False,0
2026-01-21 23:42:59,order_978,3,4,4,True,0,86.0,high,3.8118393533078287,medium,17.872583368952366,True,1
2026-01-21 23:42:59,order_924,3,1,2,True,0,89.0,high,4.271068253641681,medium,16.88462294877544,False,0
2026-01-21 23:42:59,order_924,3,2,2,True,0,86.0,high,3.9849370553138,medium,17.25197310331661,True,1
2026-01-21 23:42:59,order_924,3,3,2,True,0,82.0,high,3.8265417876089836,medium,16.989389838189283,False,0
2026-01-21 23:42:59,order_924,3,4,2,False,0,85.0,high,3.8118393720661996,medium,17.664762563240153,False,0
2026-01-21 23:43:00,order_321,3,1,3,True,0,89.0,high,4.271068253641681,medium,16.88462294877544,False,0
2026-01-21 23:43:00,order_321,3,2,3,False,0,86.0,high,3.9849370553138,medium,17.25197310331661,False,0
2026-01-21 23:43:00,order_321,3,3,3,True,0,82.0,high,3.8265417876089836,medium,16.989389838189283,True,1
2026-01-21 23:43:00,order_321,3,4,3,False,0,85.0,high,3.8118393720661996,medium,17.664762563240153,False,0
2026-01-21 23:43:01,order_394,1,1,4,True,0,88.0,high,2.6536770503270724,near,24.08532521836388,False,0
2026-01-21 23:43:01,order_394,1,2,4,False,0,90.0,high,2.1632617578563056,near,28.451644817718666,False,0
2026-01-21 23:43:01,order_394,1,3,4,False,0,81.0,high,1.8553707213164259,near,28.367594930950393,False,0
2026-01-21 23:43:01,order_394,1,4,4,True,0,84.0,high,1.8248556597409349,near,29.736032604123764,True,1
2026-01-21 23:43:02,order_354,3,1,2,True,0,86.0,high,4.271068069012985,medium,16.315478926475638,False,0
2026-01-21 23:43:02,order_354,3,2,2,True,0,98.0,high,3.9849369393330965,medium,19.659225621640626,True,1
2026-01-21 23:43:02,order_354,3,3,2,True,0,79.0,high,3.8265417371328048,medium,16.367826966504126,False,0
2026-01-21 23:43:02,order_354,3,4,2,False,0,82.0,high,3.811839416041231,medium,17.041300199386658,False,0
2026-01-21 23:43:03,order_318,3,1,4,True,0,86.0,high,4.271067976233085,medium,16.315479213656246,False,0
2026-01-21 23:43:03,order_318,3,2,4,False,0,98.0,high,3.9849368573115522,medium,19.659225945111125,False,0
2026-01-21 23:43:03,order_318,3,3,4,True,0,79.0,high,3.826541716686958,medium,16.367827035840335,False,0
2026-01-21 23:43:03,order_318,3,4,4,True,0,82.0,high,3.81183943286811,medium,17.041300139793666,True,1
2026-01-21 23:43:05,order_889,5,1,2,True,0,83.0,high,4.821065407949426,medium,14.258558216276464,False,0
2026-01-21 23:43:05,order_889,5,2,2,True,0,98.0,high,4.947764288295703,medium,16.476779382943793,True,1
2026-01-21 23:43:05,order_889,5,3,2,True,0,76.0,high,5.181029773795926,medium,12.295685796919644,False,0
2026-01-21 23:43:05,order_889,5,4,2,True,0,79.0,high,5.5073375489073415,medium,12.140141710224489,False,0
2026-01-21 23:43:06,order_582,5,1,1,True,0,83.0,high,4.821065428888823,medium,14.25855816498592,True,1
2026-01-21 23:43:06,order_582,5,2,1,False,0,98.0,high,4.947764339594164,medium,16.47677924083436,False,0
2026-01-21 23:43:06,order_582,5,3,1,True,0,76.0,high,5.181029869758975,medium,12.295685606024028,False,0
2026-01-21 23:43:06,order_582,5,4,1,True,0,79.0,high,5.5073376786390105,medium,12.14014146819604,False,0
2026-01-21 23:43:06,order_359,5,1,3,False,0,81.0,high,4.821065457952321,medium,13.91497838069208,False,0
2026-01-21 23:43:06,order_359,5,2,3,False,0,96.0,high,4.947764392426656,medium,16.140518296628848,False,0
2026-01-21 23:43:06,order_359,5,3,3,True,0,74.0,high,5.1810299429143205,medium,11.972114790485778,True,1
2026-01-21 23:43:06,order_359,5,4,3,True,0,77.0,high,5.507337792174948,medium,11.832795908119639,False,0
2026-01-21 23:43:07,order_388,8,1,2,False,0,81.0,high,1.855435247895569,near,28.366953885470277,False,0
2026-01-21 23:43:07,order_388,8,2,2,True,0,96.0,high,2.1634094198983393,near,30.347004531296207,True,1
2026-01-21 23:43:07,order_388,8,3,2,False,0,74.0,high,2.6538724789046277,near,20.252485664793646,False,0
2026-01-21 23:43:07,order_388,8,4,2,True,0,77.0,high,3.245109773674292,medium,18.138517990161134,False,0
2026-01-21 23:43:08,order_484,1,1,4,True,0,80.0,high,2.6536759240790615,near,21.895756947892046,False,0
2026-01-21 23:43:08,order_484,1,2,4,False,0,95.0,high,2.163260908229488,near,30.032299818471994,False,0
2026-01-21 23:43:08,order_484,1,3,4,False,0,73.0,high,1.8553703531765435,near,25.565860456171272,False,0
2026-01-21 23:43:08,order_484,1,4,4,True,0,76.0,high,1.824855941635719,near,26.90402681419307,True,1
2026-01-21 23:43:08,order_185,2,1,2,True,0,80.0,high,3.4120383533533136,medium,18.132208651177525,False,0
2026-01-21 23:43:08,order_185,2,2,2,True,0,95.0,high,3.0462613148309656,medium,23.47846384804454,True,1
2026-01-21 23:43:08,order_185,2,3,2,True,0,73.0,high,2.8359142573159257,near,19.030665208632612,False,0
2026-01-21 23:43:08,order_185,2,4,2,False,0,76.0,high,2.8160451150334356,near,19.915907099891324,False,0
2026-01-21 23:43:09,order_430,1,1,4,True,0,78.0,high,2.6536755522922815,near,21.348365196538463,False,0
2026-01-21 23:43:09,order_430,1,2,4,False,0,93.0,high,2.163260645955465,near,29.400043312557727,False,0
2026-01-21 23:43:09,order_430,1,3,4,True,0,71.0,high,1.8553702486064956,near,24.865426833753027,False,0
2026-01-21 23:43:09,order_430,1,4,4,True,0,74.0,high,1.824856019327057,near,26.196025388093382,True,1
2026-01-21 23:43:11,order_154,4,1,2,True,0,77.0,high,5.180929008981842,medium,12.457674224717213,False,0
2026-01-21 23:43:11,order_154,4,2,2,True,0,92.0,high,4.94769929737979,medium,15.46816599160113,True,1
2026-01-21 23:43:11,order_154,4,3,2,True,0,70.0,high,4.821040420645148,medium,12.02534168148619,False,0
2026-01-21 23:43:11,order_154,4,4,2,False,0,73.0,high,4.809379569312698,medium,12.56588575923204,False,0
2026-01-21 23:43:12,order_241,3,1,4,True,0,76.0,high,4.271067053019409,medium,14.418332993215323,False,0
2026-01-21 23:43:12,order_241,3,2,4,False,0,91.0,high,3.984936280147454,medium,18.254997634053655,False,0
2026-01-21 23:43:12,order_241,3,3,4,True,0,69.0,high,3.8265414943192706,medium,14.295950854501392,False,0
2026-01-21 23:43:12,order_241,3,4,4,True,0,72.0,high,3.8118396147849816,medium,14.963092239976364,True,1
2026-01-21 23:43:13,order_579,3,1,2,True,0,76.0,high,4.271066952052426,medium,14.418333269397658,False,0
2026-01-21 23:43:13,order_579,3,2,2,True,0,91.0,high,3.9849362170892944,medium,18.254997864974676,True,1
2026-01-21 23:43:13,order_579,3,3,2,True,0,69.0,high,3.8265414775937656,medium,14.295950904041417,False,0
2026-01-21 23:43:13,order_579,3,4,2,False,0,72.0,high,3.8118396382230744,medium,14.963092167092315,False,0
2026-01-21 23:43:13,order_972,4,1,1,True,0,76.0,high,5.180928842066918,medium,12.295886579821133,True,1
2026-01-21 23:43:13,order_972,4,2,1,False,0,91.0,high,4.947699203241507,medium,15.300033994726032,False,0
2026-01-21 23:43:13,order_972,4,3,1,True,0,69.0,high,4.821040387796162,medium,11.853551152927716,False,0
2026-01-21 23:43:13,order_972,4,4,1,False,0,72.0,high,4.809379602699057,medium,12.393750266646126,False,0
2026-01-21 23:43:14,order_537,6,1,3,False,0,75.0,high,3.8265732624753412,medium,15.538974738681526,False,0
2026-01-21 23:43:14,order_537,6,2,3,False,0,90.0,high,3.9850176555969474,medium,18.05409854445594,False,0
2026-01-21 23:43:14,order_537,6,3,3,True,0,68.0,high,4.271190336400365,medium,12.900312009305361,True,1
2026-01-21 23:43:14,order_537,6,4,3,True,0,71.0,high,4.661627133581003,medium,12.540564456969493,False,0
2026-01-21 23:43:15,order_961,7,1,2,True,0,73.0,high,2.835957055513577,near,19.03045288139348,False,0
2026-01-21 23:43:15,order_961,7,2,2,True,0,88.0,high,3.0463675839244173,medium,21.74790059845531,True,1
2026-01-21 23:43:15,order_961,7,3,2,False,0,66.0,high,3.4121924077441914,medium,14.958549832087588,False,0
2026-01-21 23:43:15,order_961,7,4,2,True,0,69.0,high,3.889827499987205,medium,14.110927225997349,False,0
2026-01-21 23:43:16,order_217,8,1,1,True,0,72.0,high,1.8554357469488343,near,25.215065713502867,True,1
2026-01-21 23:43:16,order_217,8,2,1,False,0,87.0,high,2.163410579392368,near,27.501962776109533,False,0
2026-01-21 23:43:16,order_217,8,3,1,True,0,65.0,high,2.6538739663625437,near,17.78933827449663,False,0
2026-01-21 23:43:16,order_217,8,4,1,True,0,68.0,high,3.245111483713337,medium,16.01842501919836,False,0
2026-01-21 23:43:17,order_352,4,1,2,False,0,71.0,high,5.180928505193483,medium,11.486947299316393,False,0
2026-01-21 23:43:17,order_352,4,2,2,True,0,86.0,high,4.947698985125915,medium,14.45937331648255,True,1
2026-01-21 23:43:17,order_352,4,3,2,True,0,64.0,high,4.821040310600221,medium,10.994598316636775,False,0
2026-01-21 23:43:17,order_352,4,4,2,True,0,67.0,high,4.80937966477531,medium,11.533073041558795,False,0
2026-01-21 23:43:18,order_419,2,1,4,True,0,70.0,high,3.412037187917653,medium,15.865686760686138,False,0
2026-01-21 23:43:18,order_419,2,2,4,False,0,85.0,high,3.0462605242956626,medium,21.007050705118907,False,0
2026-01-21 23:43:18,order_419,2,3,4,True,0,63.0,high,2.835913957436923,near,16.42372605304611,False,0
2026-01-21 23:43:18,order_419,2,4,4,True,0,66.0,high,2.816045349009241,near,17.295391947356066,True,1
2026-01-21 23:43:19,order_916,3,1,2,True,0,69.0,high,4.271066341565107,medium,13.090330405424613,False,0
2026-01-21 23:43:19,order_916,3,2,2,True,0,84.0,high,3.984935818939764,medium,16.85076860585655,True,1
2026-01-21 23:43:19,order_916,3,3,2,True,0,62.0,high,3.826541327786937,medium,12.845637442915713,False,0
2026-01-21 23:43:19,order_916,3,4,2,False,0,65.0,high,3.8118397580510357,medium,13.50834675889691,False,0
2026-01-21 23:43:20,order_510,7,1,1,True,0,68.0,high,2.8359572387745877,near,17.72699635768695,True,1
2026-01-21 23:43:20,order_510,7,2,1,False,0,83.0,high,3.0463680500939736,medium,20.512222064938555,False,0
2026-01-21 23:43:20,order_510,7,3,1,True,0,61.0,high,3.412193038680798,medium,13.825324382959998,False,0
2026-01-21 23:43:20,order_510,7,4,1,True,0,64.0,high,3.889828290332837,medium,13.088394152107067,False,0
2026-01-21 23:43:22,order_906,1,1,2,True,0,66.0,high,2.653673626405098,near,18.0640108418601,False,0
2026-01-21 23:43:22,order_906,1,2,2,True,0,81.0,high,2.163259182995755,near,25.60650117935932,True,1
2026-01-21 23:43:22,order_906,1,3,2,True,0,59.0,medium,1.855369624439971,near,20.66282399833674,False,0
2026-01-21 23:43:22,order_906,1,4,2,True,0,62.0,high,1.8248565005123252,near,21.948017532485448,False,0
2026-01-21 23:43:24,order_234,1,1,2,True,0,65.0,high,2.653673259381499,near,17.79031549498855,False,0
2026-01-21 23:43:24,order_234,1,2,2,True,0,80.0,high,2.163258950565294,near,25.290373393459774,True,1
2026-01-21 23:43:24,order_234,1,3,2,True,0,58.0,medium,1.8553695101769039,near,20.3126074552805,False,0
2026-01-21 23:43:24,order_234,1,4,2,True,0,61.0,high,1.824856579694412,near,21.594016644412747,False,0
2026-01-21 23:43:25,order_805,6,1,1,True,0,63.0,high,3.8265735800798253,medium,13.052737921579153,True,1
2026-01-21 23:43:25,order_805,6,2,1,False,0,78.0,high,3.9850184266847073,medium,15.646882984918875,False,0
2026-01-21 23:43:25,order_805,6,3,1,True,0,56.0,medium,4.271191488773744,medium,10.623784038061473,False,0
2026-01-21 23:43:25,order_805,6,4,1,True,0,59.0,medium,4.661628578257362,medium,10.42102977694098,False,0
2026-01-21 23:43:27,order_329,5,1,2,True,0,62.0,high,4.82106593034948,medium,10.650970241850139,False,0
2026-01-21 23:43:27,order_329,5,2,2,True,0,77.0,high,4.947765532401226,medium,12.94603823579334,True,1
2026-01-21 23:43:27,order_329,5,3,2,True,0,55.0,medium,5.181031685453452,medium,8.898190916807295,False,0
2026-01-21 23:43:27,order_329,5,4,2,True,0,58.0,medium,5.5073400277876585,medium,8.913012037534273,False,0
2026-01-21 23:43:28,order_691,4,1,1,True,0,60.0,high,5.180927600914911,medium,9.707280828061908,True,1
2026-01-21 23:43:28,order_691,4,2,1,False,0,75.0,high,4.9476984111627695,medium,12.609919806834585,False,0
2026-01-21 23:43:28,order_691,4,3,1,True,0,53.0,medium,4.821040105485754,medium,9.104902051791868,False,0
2026-01-21 23:43:28,order_691,4,4,1,True,0,56.0,medium,4.809379849135706,medium,9.63958313180906,False,0
2026-01-21 23:43:29,order_980,2,1,2,False,0,59.0,medium,3.412035784554479,medium,13.372511666053436,False,0
2026-01-21 23:43:29,order_980,2,2,2,True,0,74.0,high,3.0462595692230487,medium,18.28849551888963,True,1
2026-01-21 23:43:29,order_980,2,3,2,True,0,52.0,medium,2.8359135874818717,near,13.556092652789914,False,0
2026-01-21 23:43:29,order_980,2,4,2,True,0,55.0,medium,2.816045639348016,near,14.41282552621591,False,0
2026-01-21 23:43:30,order_873,1,1,4,True,0,57.0,medium,2.6536721590041514,near,15.600742901775833,False,0
2026-01-21 23:43:30,order_873,1,2,4,False,0,72.0,high,2.163258090331837,near,22.76134224395422,False,0
2026-01-21 23:43:30,order_873,1,3,4,True,0,50.0,medium,1.855369152491672,near,17.510870689475876,False,0
2026-01-21 23:43:30,order_873,1,4,4,True,0,53.0,medium,1.824856856457799,near,18.76201262334362,True,1
2026-01-21 23:43:32,order_537,1,1,2,True,0,57.0,medium,2.6536719827986817,near,15.600743654152142,False,0
2026-01-21 23:43:32,order_537,1,2,2,True,0,72.0,high,2.1632579707967303,near,22.7613431040736,True,1
2026-01-21 23:43:32,order_537,1,3,2,True,0,50.0,medium,1.8553691047349359,near,17.51087098234941,False,0
2026-01-21 23:43:32,order_537,1,4,2,False,0,53.0,medium,1.8248568960605653,near,18.762012360311676,False,0
2026-01-21 23:43:33,order_100,6,1,1,True,0,55.0,medium,3.826573844092582,medium,11.395246768536751,True,1
2026-01-21 23:43:33,order_100,6,2,1,False,0,70.0,high,3.98501906201781,medium,14.042072684004093,False,0
2026-01-21 23:43:33,order_100,6,3,1,True,0,48.0,medium,4.2711924489671205,medium,9.106098945297568,False,0
2026-01-21 23:43:33,order_100,6,4,1,True,0,51.0,medium,4.661629773777649,medium,9.008006888089207,False,0
2026-01-21 23:43:35,order_892,1,1,2,False,0,53.0,medium,2.6536713190915266,near,14.505957260867756,False,0
2026-01-21 23:43:35,order_892,1,2,2,True,0,68.0,high,2.163257480467808,near,21.496827374907088,True,1
2026-01-21 23:43:35,order_892,1,3,2,True,0,46.0,medium,1.855368890382831,near,16.110002513136788,False,0
2026-01-21 23:43:35,order_892,1,4,2,True,0,49.0,medium,1.8248570473583976,near,17.34601049841487,False,0
2026-01-21 23:43:36,order_630,2,1,4,True,0,52.0,medium,3.412034781475566,medium,11.785945164876752,False,0
2026-01-21 23:43:36,order_630,2,2,4,False,0,67.0,high,3.046258891296669,medium,16.5585054738129,False,0
2026-01-21 23:43:36,order_630,2,3,4,True,0,45.0,medium,2.8359133204072933,near,11.731234843237267,False,0
2026-01-21 23:43:36,order_630,2,4,4,True,0,48.0,medium,2.816045851282626,near,12.578465215208702,True,1
2026-01-21 23:43:37,order_827,4,1,1,True,0,51.0,medium,5.180926777418298,medium,8.251189803174164,True,1
2026-01-21 23:43:37,order_827,4,2,1,False,0,66.0,high,4.947697890702933,medium,11.09673040104593,False,0
2026-01-21 23:43:37,order_827,4,3,1,True,0,44.0,medium,4.821039923326916,medium,7.558786845573214,False,0
2026-01-21 23:43:37,order_827,4,4,1,False,0,47.0,medium,4.809380012082292,medium,8.090364187271252,False,0
2026-01-21 23:43:39,order_759,1,1,2,False,0,49.0,medium,2.6536708193378953,near,13.411169868028669,False,0
2026-01-21 23:43:39,order_759,1,2,2,True,0,64.0,high,2.1632570910001134,near,20.23231060860924,True,1
2026-01-21 23:43:39,order_759,1,3,2,True,0,42.0,medium,1.8553687369722263,near,14.70913351966441,False,0
2026-01-21 23:43:39,order_759,1,4,2,True,0,45.0,medium,1.8248571739072452,near,15.930008927763787,False,0
2026-01-21 23:43:40,order_600,1,1,4,True,0,48.0,medium,2.653670649698018,near,13.137473133755853,False,0
2026-01-21 23:43:40,order_600,1,2,4,False,0,63.0,high,2.1632569726212267,near,19.916181500674973,False,0
2026-01-21 23:43:40,order_600,1,3,4,True,0,41.0,medium,1.8553686827186964,near,14.35891632773757,False,0
2026-01-21 23:43:40,order_600,1,4,4,True,0,44.0,medium,1.8248572100829052,near,15.576008529899699,True,1
2026-01-21 23:43:41,order_173,2,1,2,True,0,46.0,medium,3.412034179567919,medium,10.42602983744448,False,0
2026-01-21 23:43:41,order_173,2,2,2,True,0,61.0,high,3.0462584637182855,medium,15.075655830434622,True,1
2026-01-21 23:43:41,order_173,2,3,2,True,0,39.0,medium,2.8359131607482766,near,10.16707062064779,False,0
2026-01-21 23:43:41,order_173,2,4,2,True,0,42.0,medium,2.8160459826021214,near,11.006156684558777,False,0
2026-01-21 23:43:42,order_995,2,1,4,True,0,46.0,medium,3.412034179567919,medium,10.42602983744448,False,0
2026-01-21 23:43:42,order_995,2,2,4,False,0,61.0,high,3.0462584637182855,medium,15.075655830434622,False,0
2026-01-21 23:43:42,order_995,2,3,4,True,0,39.0,medium,2.8359131607482766,near,10.16707062064779,False,0
2026-01-21 23:43:42,order_995,2,4,4,True,0,42.0,medium,2.8160459826021214,near,11.006156684558777,True,1
2026-01-21 23:43:43,order_760,1,1,3,True,0,45.0,medium,2.6536701756393617,near,12.316382660929534,False,0
2026-01-21 23:43:43,order_760,1,2,3,False,0,60.0,high,2.1632566100595305,near,18.96779407942843,False,0
2026-01-21 23:43:43,order_760,1,3,3,True,0,38.0,medium,1.8553685230824954,near,13.308264657543166,True,1
2026-01-21 23:43:43,order_760,1,4,3,False,0,41.0,medium,1.8248573305625826,near,14.514007329295698,False,0
2026-01-21 23:43:44,order_227,3,1,2,True,0,44.0,medium,4.271063846495566,medium,8.347461021412807,False,0
2026-01-21 23:43:44,order_227,3,2,2,True,0,59.0,medium,3.984934172701038,medium,11.835662810373966,True,1
2026-01-21 23:43:44,order_227,3,3,2,False,0,37.0,medium,3.826540731262074,medium,7.665945873065284,False,0
2026-01-21 23:43:44,order_227,3,4,2,True,0,40.0,medium,3.811840260575664,medium,8.31282790655536,False,0
2026-01-21 23:43:46,order_359,3,1,2,True,0,42.0,medium,4.27106362897339,medium,7.968031303803492,False,0
2026-01-21 23:43:46,order_359,3,2,2,True,0,57.0,medium,3.9849340417335073,medium,11.434454201961374,True,1
2026-01-21 23:43:46,order_359,3,3,2,True,0,35.0,medium,3.8265406823262245,medium,7.2515704939901635,False,0
2026-01-21 23:43:46,order_359,3,4,2,True,0,38.0,medium,3.811840302884544,medium,7.89718644179031,False,0
2026-01-21 23:43:46,order_587,2,1,4,True,0,42.0,medium,3.4120336461522065,medium,9.519419698131442,False,0
2026-01-21 23:43:46,order_587,2,2,4,False,0,57.0,medium,3.0462580980174097,medium,14.08708950818756,False,0
2026-01-21 23:43:46,order_587,2,3,4,True,0,35.0,medium,2.8359130256901626,near,9.124294467991165,False,0
2026-01-21 23:43:46,order_587,2,4,4,True,0,38.0,medium,2.8160460929427464,near,9.957950998096115,True,1
2026-01-21 23:43:47,order_104,2,1,1,True,0,41.0,medium,3.412033525876112,medium,9.292767101505309,True,1
2026-01-21 23:43:47,order_104,2,2,1,False,0,56.0,medium,3.046258029636684,medium,13.83994782088286,False,0
2026-01-21 23:43:47,order_104,2,3,1,True,0,34.0,medium,2.835912987625369,near,8.863600428290157,False,0
2026-01-21 23:43:47,order_104,2,4,1,False,0,37.0,medium,2.8160461176066494,near,9.69589959337433,False,0
2026-01-21 23:43:49,order_219,7,1,2,True,0,39.0,medium,2.835958344877236,near,10.166950861727393,False,0
2026-01-21 23:43:49,order_219,7,2,2,True,0,54.0,medium,3.0463706967725614,medium,13.345292373501794,True,1
2026-01-21 23:43:49,order_219,7,3,2,True,0,32.0,medium,3.4121968630168493,medium,7.252622898181368,False,0
2026-01-21 23:43:49,order_219,7,4,2,True,0,35.0,medium,3.889832853781521,medium,7.157708871977694,False,0
2026-01-21 23:43:50,order_311,6,1,1,True,0,38.0,medium,3.82657430333936,medium,7.873078836413843,True,1
2026-01-21 23:43:50,order_311,6,2,1,False,0,53.0,medium,3.985020191327892,medium,10.631852623626393,False,0
2026-01-21 23:43:50,order_311,6,3,1,True,0,31.0,medium,4.271194125773117,medium,5.881020364707832,False,0
2026-01-21 23:43:50,order_311,6,4,1,True,0,34.0,medium,4.661631874594909,medium,6.00533569703924,False,0
2026-01-21 23:43:51,order_755,8,1,2,False,0,37.0,medium,1.8554377569739804,near,12.95773298144322,False,0
2026-01-21 23:43:51,order_755,8,2,2,True,0,52.0,medium,2.1634150278606357,near,16.437931647295336,True,1
2026-01-21 23:43:51,order_755,8,3,2,True,0,30.0,medium,2.6538798263132,near,8.210450651375224,False,0
2026-01-21 23:43:51,order_755,8,4,2,True,0,33.0,medium,3.245118052362389,medium,7.773635407297013,False,0
2026-01-21 23:43:53,order_887,3,1,2,True,0,35.0,medium,4.2710629231883805,medium,6.640026975589406,False,0
2026-01-21 23:43:53,order_887,3,2,2,True,0,50.0,medium,3.9849335913986494,medium,10.030223890298855,True,1
2026-01-21 23:43:53,order_887,3,3,2,True,0,28.0,low,3.8265405104897123,medium,5.801256601730885,False,0
2026-01-21 23:43:53,order_887,3,4,2,True,0,31.0,medium,3.811840447469052,medium,6.442441377353957,False,0
2026-01-21 23:43:54,order_817,1,1,2,True,0,33.0,medium,2.6536682049665745,near,9.032018822930283,False,0
2026-01-21 23:43:54,order_817,1,2,2,True,0,48.0,medium,2.1632551405208598,near,15.174242312966367,True,1
2026-01-21 23:43:54,order_817,1,3,2,True,0,26.0,low,1.8553679033459853,near,9.10565674200253,False,0
2026-01-21 23:43:54,order_817,1,4,2,True,0,29.0,low,1.8248578020109696,near,10.26600347081378,False,0
2026-01-21 23:43:56,order_596,5,1,1,True,0,33.0,medium,4.821066605145814,medium,5.669064148970232,True,1
2026-01-21 23:43:56,order_596,5,2,1,False,0,48.0,medium,4.947767195691247,medium,8.070255344690146,False,0
2026-01-21 23:43:56,order_596,5,3,1,True,0,26.0,low,5.181034203791832,medium,4.206415810488474,False,0
2026-01-21 23:43:56,order_596,5,4,1,True,0,29.0,low,5.507343308452027,medium,4.456503772028365,False,0
2026-01-21 23:43:56,order_157,2,1,4,False,0,33.0,medium,3.412032403283059,medium,7.479546155518761,False,0
2026-01-21 23:43:56,order_157,2,2,4,False,0,48.0,medium,3.0462572365985654,medium,11.86281474292786,False,0
2026-01-21 23:43:56,order_157,2,3,4,True,0,26.0,low,2.83591269585772,near,6.778047901892181,False,0
2026-01-21 23:43:56,order_157,2,4,4,True,0,29.0,low,2.816046357903199,near,7.599488391942547,True,1
2026-01-21 23:43:57,order_460,1,1,2,False,0,31.0,medium,2.6536678714710638,near,8.48462451720292,False,0
2026-01-21 23:43:57,order_460,1,2,2,True,0,46.0,medium,2.1632548766369575,near,14.54198342970874,True,1
2026-01-21 23:43:57,order_460,1,3,2,True,0,24.0,low,1.855367796555031,near,8.405221922358209,False,0
2026-01-21 23:43:57,order_460,1,4,2,False,0,27.0,low,1.8248578743010904,near,9.558002986851216,False,0
2026-01-21 23:43:58,order_256,3,1,1,True,0,30.0,medium,4.271062432688829,medium,5.6914522229812885,True,1
2026-01-21 23:43:58,order_256,3,2,1,False,0,45.0,medium,3.9849332683059213,medium,9.027202086356672,False,0
2026-01-21 23:43:58,order_256,3,3,1,True,0,23.0,low,3.8265403942860647,medium,4.765318037580027,False,0
2026-01-21 23:43:58,order_256,3,4,1,True,0,26.0,low,3.8118405471950187,medium,5.403337817408822,False,0
2026-01-21 23:43:59,order_242,2,1,2,True,0,28.0,low,3.4120318869196957,medium,6.346282329239574,False,0
2026-01-21 23:43:59,order_242,2,2,2,True,0,43.0,medium,3.046256891322485,medium,10.627105780707318,True,1
2026-01-21 23:43:59,order_242,2,3,2,True,0,21.0,low,2.8359125575430912,near,5.4745773489295955,False,0
2026-01-21 23:43:59,order_242,2,4,2,True,0,24.0,low,2.816046460573185,near,6.2892316034315545,False,0
2026-01-21 23:44:01,order_326,1,1,4,True,0,27.0,low,2.6536672022144403,near,7.389835610543743,False,0
2026-01-21 23:44:01,order_326,1,2,4,False,0,42.0,medium,2.163254383684424,near,13.27746520059515,False,0
2026-01-21 23:44:01,order_326,1,3,4,True,0,20.0,low,1.8553675886725678,near,7.004352111910678,False,0
2026-01-21 23:44:01,order_326,1,4,4,True,0,23.0,low,1.8248580341625313,near,8.142002083590963,True,1
2026-01-21 23:44:02,order_584,1,1,2,True,0,26.0,low,2.6536670783472394,near,7.116138236590859,False,0
2026-01-21 23:44:02,order_584,1,2,2,True,0,41.0,medium,2.163254269648322,near,12.961335544030804,True,1
2026-01-21 23:44:02,order_584,1,3,2,True,0,19.0,low,1.8553675273490027,near,6.65413464922328,False,0
2026-01-21 23:44:02,order_584,1,4,2,False,0,22.0,low,1.8248580780223884,near,7.78800187208047,False,0
2026-01-21 23:44:03,order_491,6,1,1,True,0,25.0,low,3.8265746794116096,medium,5.179656725636256,True,1
2026-01-21 23:44:03,order_491,6,2,1,False,0,40.0,medium,3.985021088352914,medium,8.024038272066022,False,0
2026-01-21 23:44:03,order_491,6,3,1,True,0,18.0,low,4.271195472749527,medium,3.4147851456191503,False,0
2026-01-21 23:44:03,order_491,6,4,1,True,0,21.0,low,4.6616336141118175,medium,3.709176790892433,False,0
2026-01-21 23:44:04,order_287,2,1,2,False,0,24.0,low,3.4120313647625857,medium,5.439671211696261,False,0
2026-01-21 23:44:04,order_287,2,2,2,True,0,39.0,medium,3.0462565559050163,medium,9.63853860010045,True,1
2026-01-21 23:44:04,order_287,2,3,2,True,0,17.0,low,2.8359124255266437,near,4.431800863562734,False,0
2026-01-21 23:44:04,order_287,2,4,2,True,0,20.0,low,2.8160465698845876,near,5.241026186062735,False,0
2026-01-21 23:44:05,order_663,5,1,1,True,0,23.0,low,4.821066821173642,medium,3.951165775376333,True,1
2026-01-21 23:44:05,order_663,5,2,1,False,0,38.0,medium,4.947767714116202,medium,6.388951590999808,False,0
2026-01-21 23:44:05,order_663,5,3,1,True,0,16.0,low,5.1810350014987225,medium,2.588563241612523,False,0
2026-01-21 23:44:05,order_663,5,4,1,True,0,19.0,low,5.507344337779181,medium,2.91977787154941,False,0
2026-01-21 23:44:07,order_798,2,1,2,True,0,22.0,low,3.4120309916676623,medium,4.986365699050638,False,0
2026-01-21 23:44:07,order_798,2,2,2,True,0,37.0,medium,3.0462562829923603,medium,9.144255186089472,True,1
2026-01-21 23:44:07,order_798,2,3,2,True,0,15.0,low,2.835912327937827,near,3.910412626157164,False,0
2026-01-21 23:44:07,order_798,2,4,2,True,0,18.0,low,2.8160466538972506,near,4.716923463610427,False,0
2026-01-21 23:44:09,order_994,1,1,2,True,0,19.0,low,2.6536659137097645,near,5.2002565228270345,False,0
2026-01-21 23:44:09,order_994,1,2,2,True,0,34.0,medium,2.163253408298242,near,10.748427524271987,True,1
2026-01-21 23:44:09,order_994,1,3,2,True,0,12.0,low,1.8553671687652353,near,4.202611885178058,False,0
2026-01-21 23:44:09,order_994,1,4,2,True,0,15.0,low,1.8248583543604666,near,5.310000756974564,False,0
2026-01-21 23:44:10,order_567,5,1,1,True,0,18.0,low,4.821066961208633,medium,3.0922166193846095,True,1
2026-01-21 23:44:10,order_567,5,2,1,False,0,33.0,medium,4.947768046599406,medium,5.54829975571551,False,0
2026-01-21 23:44:10,order_567,5,3,1,True,0,11.0,low,5.1810355295272865,medium,1.7796370765791825,False,0
2026-01-21 23:44:10,order_567,5,4,1,True,0,14.0,low,5.507345001053335,medium,2.1514150544859447,False,0
2026-01-21 23:44:12,order_534,6,1,2,False,0,16.0,low,3.8265749418626025,medium,3.314980124151042,False,0
2026-01-21 23:44:12,order_534,6,2,2,True,0,31.0,medium,3.9850217249491005,medium,6.218628866721042,True,1
2026-01-21 23:44:12,order_534,6,3,2,True,0,14.0,low,4.271196429281744,medium,2.6559435201900925,False,0
2026-01-21 23:44:12,order_534,6,4,2,True,0,12.0,low,4.6616348123023865,medium,2.1195291462325923,False,0
2026-01-21 23:44:14,order_488,4,1,2,True,0,15.0,low,5.1809238108923,medium,2.426821695094563,False,0
2026-01-21 23:44:14,order_488,4,2,2,True,0,30.0,medium,4.947696017440826,medium,5.0439699527395145,True,1
2026-01-21 23:44:14,order_488,4,3,2,True,0,18.0,low,4.821039253617632,medium,3.0922313380404445,False,0
2026-01-21 23:44:14,order_488,4,4,2,True,0,11.0,low,4.8093806110355555,medium,1.8934892954171902,False,0
2026-01-21 23:44:15,order_694,7,1,3,True,0,12.0,low,2.8359593788162782,near,3.1282917296436614,False,0
2026-01-21 23:44:15,order_694,7,2,3,True,0,27.0,low,3.0463731535742493,medium,6.672642135377533,False,0
2026-01-21 23:44:15,order_694,7,3,3,True,0,30.0,medium,3.412200371417472,medium,6.7993285604937626,True,1
2026-01-21 23:44:15,order_694,7,4,3,True,0,18.0,low,3.8898371453694787,medium,3.681104189133463,False,0
2026-01-21 23:44:17,order_486,1,1,2,True,0,11.0,low,2.6536645900129194,near,3.0106759197513266,False,0
2026-01-21 23:44:17,order_486,1,2,2,True,0,26.0,low,2.1632524045359562,near,8.219388362028024,True,1
2026-01-21 23:44:17,order_486,1,3,2,False,0,34.0,medium,1.8553667466489463,near,11.907402101639779,False,0
2026-01-21 23:44:17,order_486,1,4,2,True,0,22.0,low,1.824858671251592,near,7.788000236575589,False,0
2026-01-21 23:44:17,order_368,5,1,4,True,0,11.0,low,4.821067100831122,medium,1.8896878887428454,False,0
2026-01-21 23:44:17,order_368,5,2,4,False,0,26.0,low,4.9477684007297595,medium,4.371387426048724,False,0
2026-01-21 23:44:17,order_368,5,3,4,False,0,34.0,medium,5.181036043830725,medium,5.500695960822831,False,0
2026-01-21 23:44:17,order_368,5,4,4,True,0,22.0,low,5.507345674221372,medium,3.380794735886285,True,1
2026-01-21 23:44:18,order_731,3,1,3,True,0,11.0,low,4.271060419697098,medium,2.0868666120568045,False,0
2026-01-21 23:44:18,order_731,3,2,3,False,0,26.0,low,3.9849319564981984,medium,5.215718133545881,False,0
2026-01-21 23:44:18,order_731,3,3,3,True,0,34.0,medium,3.826539911378914,medium,7.0443838907956735,True,1
2026-01-21 23:44:18,order_731,3,4,3,False,0,22.0,low,3.8118409502331887,medium,4.572054693315216,False,0
2026-01-21 23:44:20,order_946,6,1,3,True,0,18.0,low,3.826575178533719,medium,3.729352456801114,False,0
2026-01-21 23:44:20,order_946,6,2,3,True,0,23.0,low,3.9850222942950433,medium,4.613820890294041,False,0
2026-01-21 23:44:20,order_946,6,3,3,True,0,46.0,medium,4.271197273606719,medium,8.726670168526125,True,1
2026-01-21 23:44:20,order_946,6,4,3,True,0,34.0,medium,4.661635879095345,medium,6.0053314494383825,False,0
2026-01-21 23:44:21,order_225,4,1,4,True,0,18.0,low,5.180923243463173,medium,2.912186301461753,False,0
2026-01-21 23:44:21,order_225,4,2,4,True,0,23.0,low,4.9476956453367364,medium,3.8670438723664424,False,0
2026-01-21 23:44:21,order_225,4,3,4,False,0,46.0,medium,4.8210391209643975,medium,7.90236915507604,False,0
2026-01-21 23:44:21,order_225,4,4,4,True,0,34.0,medium,4.809380725690999,medium,5.852603161235547,True,1
2026-01-21 23:44:22,order_709,1,1,3,True,0,26.0,low,2.6536637862047936,near,7.116144648604145,False,0
2026-01-21 23:44:22,order_709,1,2,3,True,0,21.0,low,2.1632518214009524,near,6.638737977774859,False,0
2026-01-21 23:44:22,order_709,1,3,3,True,0,54.0,medium,1.855366484134501,near,18.911758017769166,True,1
2026-01-21 23:44:22,order_709,1,4,3,False,0,42.0,medium,1.824858868006281,near,14.86799941607087,False,0
2026-01-21 23:44:23,order_193,5,1,4,True,0,30.0,medium,4.821067241893363,medium,5.153694117136188,False,0
2026-01-21 23:44:23,order_193,5,2,4,True,0,20.0,low,4.947768730205992,medium,3.3626055260738648,False,0
2026-01-21 23:44:23,order_193,5,3,4,False,0,58.0,medium,5.18103655492998,medium,9.38353939255372,False,0
2026-01-21 23:44:23,order_193,5,4,4,True,0,46.0,medium,5.507346355088708,medium,7.068933708135615,True,1
2026-01-21 23:44:24,order_900,5,1,3,True,0,34.0,medium,4.821067263598171,medium,5.8408533109757625,False,0
2026-01-21 23:44:24,order_900,5,2,3,True,0,19.0,low,4.947768791607899,medium,3.1944752167919437,False,0
2026-01-21 23:44:24,order_900,5,3,3,True,0,62.0,high,5.181036644605988,medium,10.030679894788458,True,1
2026-01-21 23:44:24,order_900,5,4,3,False,0,50.0,medium,5.507346447246812,medium,7.683623486982848,False,0
2026-01-21 23:44:26,order_575,3,1,3,True,0,42.0,medium,4.271059613440019,medium,7.968037373910442,False,0
2026-01-21 23:44:26,order_575,3,2,3,True,0,17.0,low,3.9849314339268305,medium,3.4102775986646656,False,0
2026-01-21 23:44:26,order_575,3,3,3,True,0,70.0,high,3.8265397191456048,medium,14.503143882216184,True,1
2026-01-21 23:44:26,order_575,3,4,3,True,0,58.0,medium,3.8118411110717916,medium,12.053598334023349,False,0
2026-01-21 23:44:27,order_615,3,1,4,True,0,46.0,medium,4.271059519586503,medium,8.726898231573857,False,0
2026-01-21 23:44:27,order_615,3,2,4,True,0,16.0,low,3.9849313660830368,medium,3.2096730777202596,False,0
2026-01-21 23:44:27,order_615,3,3,4,False,0,74.0,high,3.8265396970073033,medium,15.331895031524075,False,0
2026-01-21 23:44:27,order_615,3,4,4,True,0,62.0,high,3.8118411339445957,medium,12.884880916501572,True,1
2026-01-21 23:44:27,order_827,7,1,1,True,0,46.0,medium,2.8359598000466635,near,11.99178364680475,True,1
2026-01-21 23:44:27,order_827,7,2,1,True,0,16.0,low,3.0463741523464583,medium,3.954157326435504,False,0
2026-01-21 23:44:27,order_827,7,3,1,False,0,74.0,high,3.4122018206709366,medium,16.771671606977232,False,0
2026-01-21 23:44:27,order_827,7,4,1,False,0,62.0,high,3.889838898111002,medium,12.679354328820788,False,0
2026-01-21 23:44:28,order_566,6,1,3,False,0,50.0,medium,3.8265754092658293,medium,10.35931188478116,False,0
2026-01-21 23:44:28,order_566,6,2,3,True,0,15.0,low,3.9850228447374136,medium,3.0090132918518506,False,0
2026-01-21 23:44:28,order_566,6,3,3,True,0,78.0,high,4.271198113745883,medium,14.79739488383044,True,1
2026-01-21 23:44:28,order_566,6,4,3,False,0,66.0,high,4.661636935219318,medium,11.657405933155854,False,0
2026-01-21 23:44:29,order_130,5,1,4,True,0,54.0,medium,4.821067384239073,medium,9.276649183998211,False,0
2026-01-21 23:44:29,order_130,5,2,4,True,0,14.0,low,4.9477690812501045,medium,2.3538237293263364,False,0
2026-01-21 23:44:29,order_130,5,3,4,False,0,82.0,high,5.181037094897562,medium,13.26638212019321,False,0
2026-01-21 23:44:29,order_130,5,4,4,True,0,70.0,high,5.507347039264422,medium,10.75707190313192,True,1
2026-01-21 23:44:31,order_772,2,1,3,True,0,62.0,high,3.412027962363498,medium,14.052494800324647,False,0
2026-01-21 23:44:31,order_772,2,2,3,True,0,12.0,low,3.046254213704821,medium,2.9657059013631746,False,0
2026-01-21 23:44:31,order_772,2,3,3,True,0,90.0,high,2.835911526206824,near,23.462480660756356,True,1
2026-01-21 23:44:31,order_772,2,4,3,True,0,78.0,high,2.816047280760804,near,20.439998317958256,False,0
2026-01-21 23:44:32,order_194,1,1,4,True,0,66.0,high,2.6536621405219116,near,18.06406762902608,False,0
2026-01-21 23:44:32,order_194,1,2,4,True,0,11.0,low,2.163250593106917,near,3.4774355291263523,False,0
2026-01-21 23:44:32,order_194,1,3,4,False,0,94.0,high,1.8553659660739532,near,32.92047363345418,False,0
2026-01-21 23:44:32,order_194,1,4,4,True,0,82.0,high,1.8248592653998976,near,29.027994776366945,True,1
2026-01-21 23:44:33,order_348,1,1,3,True,0,70.0,high,2.653661811082278,near,19.15886133403923,False,0
2026-01-21 23:44:33,order_348,1,2,3,True,0,10.0,low,2.1632503268258967,near,3.161305292595768,False,0
2026-01-21 23:44:33,order_348,1,3,3,True,0,98.0,high,1.8553658559443493,near,34.32134617565099,True,1
2026-01-21 23:44:33,order_348,1,4,3,False,0,86.0,high,1.8248593378166176,near,30.443993741108148,False,0
2026-01-21 23:44:35,order_697,2,1,4,True,0,78.0,high,3.41202746326581,medium,17.678947071255063,False,0
2026-01-21 23:44:35,order_697,2,2,4,True,0,18.0,low,3.046253857108225,medium,4.448559244096522,False,0
2026-01-21 23:44:35,order_697,2,3,4,False,0,99.0,high,2.8359113896639205,near,25.808729645518163,False,0
2026-01-21 23:44:35,order_697,2,4,4,True,0,94.0,high,2.816047391679892,near,24.632817769755093,True,1
2026-01-21 23:44:36,order_150,1,1,3,True,0,82.0,high,2.653661491798072,near,22.443239523989245,False,0
2026-01-21 23:44:36,order_150,1,2,3,True,0,22.0,low,2.163250103755704,near,6.954872134163391,False,0
2026-01-21 23:44:36,order_150,1,3,3,True,0,98.0,high,1.855365756919566,near,34.32134736592367,True,1
2026-01-21 23:44:36,order_150,1,4,3,False,0,98.0,high,1.8248594265686273,near,34.69199177781428,False,0
2026-01-21 23:44:38,order_115,4,1,4,True,0,90.0,high,5.180921842816929,medium,14.560934806932114,False,0
2026-01-21 23:44:38,order_115,4,2,4,True,0,30.0,medium,4.947694756542132,medium,5.043971022050464,False,0
2026-01-21 23:44:38,order_115,4,3,4,True,0,96.0,high,4.821038806573559,medium,16.491901736093823,False,0
2026-01-21 23:44:38,order_115,4,4,4,True,0,99.0,high,4.809381005847658,medium,17.04140250060165,True,1
2026-01-21 23:44:39,order_577,4,1,3,True,0,94.0,high,5.180921747931908,medium,15.208087698481496,False,0
2026-01-21 23:44:39,order_577,4,2,3,True,0,34.0,medium,4.9476946983083305,medium,5.716500547627374,False,0
2026-01-21 23:44:39,order_577,4,3,3,True,0,95.0,high,4.821038790359694,medium,16.320111138467393,True,1
2026-01-21 23:44:39,order_577,4,4,3,False,0,98.0,high,4.809381024040117,medium,16.869267068980474,False,0
2026-01-21 23:44:40,order_129,1,1,4,True,0,98.0,high,2.653660846134086,near,26.82241295157243,False,0
2026-01-21 23:44:40,order_129,1,2,4,True,0,38.0,medium,2.1632496073574723,near,12.012962844163471,False,0
2026-01-21 23:44:40,order_129,1,3,4,False,0,94.0,high,1.8553655416297552,near,32.92047852701468,False,0
2026-01-21 23:44:40,order_129,1,4,4,True,0,97.0,high,1.8248595759289528,near,34.33799004614296,True,1
2026-01-21 23:44:41,order_642,1,1,3,True,0,99.0,high,2.653660466165073,near,27.09611386082397,False,0
2026-01-21 23:44:41,order_642,1,2,3,True,0,46.0,medium,2.163249356457357,near,14.542008806892527,False,0
2026-01-21 23:44:41,order_642,1,3,3,True,0,92.0,high,1.8553654465801015,near,32.22004388621753,True,1
2026-01-21 23:44:41,order_642,1,4,3,False,0,95.0,high,1.8248596584854375,near,33.62998926854112,False,0
2026-01-21 23:44:42,order_193,3,1,4,True,0,98.0,high,4.2710578992623995,medium,18.59209325204216,False,0
2026-01-21 23:44:42,order_193,3,2,4,True,0,50.0,medium,3.9849303226907815,medium,10.03023046729585,False,0
2026-01-21 23:44:42,order_193,3,3,4,False,0,91.0,high,3.8265393122212314,medium,18.854088636464603,False,0
2026-01-21 23:44:42,order_193,3,4,4,True,0,94.0,high,3.811841456915065,medium,19.535140723498532,True,1
2026-01-21 23:44:44,order_928,2,1,3,True,0,97.0,high,3.4120262973695707,medium,21.985363065000527,False,0
2026-01-21 23:44:44,order_928,2,2,3,True,0,54.0,medium,3.046253100807614,medium,13.345680226781129,False,0
2026-01-21 23:44:44,order_928,2,3,3,True,0,90.0,high,2.835911091104509,near,23.462483322074466,True,1
2026-01-21 23:44:44,order_928,2,4,3,False,0,93.0,high,2.8160476297423735,near,24.37076499652562,False,0
2026-01-21 23:44:46,order_602,2,1,4,True,0,95.0,high,3.4120260644995306,medium,21.53205774653014,False,0
2026-01-21 23:44:46,order_602,2,2,4,True,0,62.0,high,3.0462529087952066,medium,15.322818765290878,False,0
2026-01-21 23:44:46,order_602,2,3,4,True,0,88.0,high,2.8359110272766905,near,22.94109518553555,False,0
2026-01-21 23:44:46,order_602,2,4,4,True,0,91.0,high,2.8160476825962224,near,23.846662193195858,True,1
2026-01-21 23:44:47,order_824,1,1,3,True,0,94.0,high,2.653659660673368,near,25.7276289337458,False,0
2026-01-21 23:44:47,order_824,1,2,3,True,0,66.0,high,2.163248736213898,near,20.864625422721453,False,0
2026-01-21 23:44:47,order_824,1,3,3,True,0,87.0,high,1.855365181899163,near,30.46895736892557,True,1
2026-01-21 23:44:47,order_824,1,4,3,False,0,90.0,high,1.8248598571612376,near,31.859987592603243,False,0
2026-01-21 23:44:48,order_896,3,1,4,True,0,93.0,high,4.27105738918944,medium,17.643518773052314,False,0
2026-01-21 23:44:48,order_896,3,2,4,True,0,70.0,high,3.9849299875058235,medium,14.042323598415077,False,0
2026-01-21 23:44:48,order_896,3,3,4,False,0,86.0,high,3.826539195055955,medium,17.818150132934534,False,0
2026-01-21 23:44:48,order_896,3,4,4,True,0,89.0,high,3.811841557372758,medium,18.49603710738006,True,1
2026-01-21 23:44:49,order_359,5,1,1,True,0,92.0,high,4.8210678526034005,medium,15.804660301091344,True,1
2026-01-21 23:44:49,order_359,5,2,1,True,0,74.0,high,4.94777021741877,medium,12.441637335497926,False,0
2026-01-21 23:44:49,order_359,5,3,1,True,0,85.0,high,5.181038840071518,medium,13.751733680906057,False,0
2026-01-21 23:44:49,order_359,5,4,1,False,0,88.0,high,5.507349266013664,medium,13.523171479300036,False,0
2026-01-21 23:44:50,order_816,2,1,4,False,0,91.0,high,3.412025544677533,medium,20.62544721885807,False,0
2026-01-21 23:44:50,order_816,2,2,4,True,0,78.0,high,3.0462525743983617,medium,19.277096168816858,False,0
2026-01-21 23:44:50,order_816,2,3,4,True,0,84.0,high,2.835910897020846,near,21.898318875247718,False,0
2026-01-21 23:44:50,order_816,2,4,4,True,0,87.0,high,2.8160477840213356,near,22.798456655676294,True,1
2026-01-21 23:44:51,order_479,1,1,3,True,0,90.0,high,2.653658999987342,near,24.63284066748205,False,0
2026-01-21 23:44:51,order_479,1,2,3,True,0,82.0,high,2.1632482662449415,near,25.92272028567057,False,0
2026-01-21 23:44:51,order_479,1,3,3,True,0,83.0,high,1.8553649704098107,near,29.068087918753022,True,1
2026-01-21 23:44:51,order_479,1,4,3,False,0,86.0,high,1.8248600173258016,near,30.443986417922847,False,0
2026-01-21 23:44:53,order_604,3,1,2,True,0,88.0,high,4.2710569029807015,medium,16.694944034893147,False,0
2026-01-21 23:44:53,order_604,3,2,2,True,0,90.0,high,3.984929669672376,medium,18.05441720623414,True,1
2026-01-21 23:44:53,order_604,3,3,2,True,0,81.0,high,3.8265390712288796,medium,16.782211602272742,False,0
2026-01-21 23:44:53,order_604,3,4,2,True,0,84.0,high,3.8118416545733482,medium,17.45693354646518,False,0
2026-01-21 23:44:53,order_492,4,1,4,True,0,88.0,high,5.180920605684896,medium,14.237361327544326,False,0
2026-01-21 23:44:53,order_492,4,2,4,False,0,90.0,high,4.947693980061404,medium,15.13191504164625,False,0
2026-01-21 23:44:53,order_492,4,3,4,True,0,81.0,high,4.821038529487111,medium,13.915042752197154,False,0
2026-01-21 23:44:53,order_492,4,4,4,True,0,84.0,high,4.809381252417634,medium,14.459371204987198,True,1
2026-01-21 23:44:55,order_494,1,1,2,True,0,86.0,high,2.6536583576698587,near,23.538051886944075,False,0
2026-01-21 23:44:55,order_494,1,2,2,True,0,98.0,high,2.163247769041643,near,30.98081691833159,True,1
2026-01-21 23:44:55,order_494,1,3,2,True,0,79.0,high,1.855364772969024,near,27.66721812493868,False,0
2026-01-21 23:44:55,order_494,1,4,2,True,0,82.0,high,1.8248601728657698,near,29.02798545133385,False,0
2026-01-21 23:44:56,order_793,2,1,4,True,0,84.0,high,3.412024670735416,medium,19.03887812712491,False,0
2026-01-21 23:44:56,order_793,2,2,4,False,0,99.0,high,3.0462519725220303,medium,24.46708723833955,False,0
2026-01-21 23:44:56,order_793,2,3,4,True,0,77.0,high,2.83591065844041,near,20.07346021747711,False,0
2026-01-21 23:44:56,order_793,2,4,4,True,0,80.0,high,2.816047976028926,near,20.964097019359276,True,1
2026-01-21 23:44:58,order_149,4,1,2,True,0,83.0,high,5.180920193708333,medium,13.428421238068587,False,0
2026-01-21 23:44:58,order_149,4,2,2,True,0,98.0,high,4.947693720993534,medium,16.476974874158376,True,1
2026-01-21 23:44:58,order_149,4,3,2,True,0,76.0,high,4.821038437636266,medium,13.056089701902248,False,0
2026-01-21 23:44:58,order_149,4,4,2,False,0,79.0,high,4.809381336891459,medium,13.59869414980978,False,0
2026-01-21 23:44:59,order_871,4,1,4,True,0,82.0,high,5.180920084957407,medium,13.266633263802351,False,0
2026-01-21 23:44:59,order_871,4,2,4,False,0,97.0,high,4.947693660767826,medium,16.308842642624878,False,0
2026-01-21 23:44:59,order_871,4,3,4,True,0,75.0,high,4.821038417569075,medium,12.884299092346613,False,0
2026-01-21 23:44:59,order_871,4,4,4,True,0,78.0,high,4.809381354816625,medium,13.426558739396459,True,1
2026-01-21 23:45:00,order_162,3,1,2,True,0,80.0,high,4.271056094757988,medium,15.177224177059925,False,0
2026-01-21 23:45:00,order_162,3,2,2,True,0,95.0,high,3.984929148896035,medium,19.057442375292084,True,1
2026-01-21 23:45:00,order_162,3,3,2,True,0,73.0,high,3.8265388825398357,medium,15.124709813087783,False,0
2026-01-21 23:45:00,order_162,3,4,2,True,0,76.0,high,3.81184182093717,medium,15.79436790072995,False,0
2026-01-21 23:45:01,order_155,5,1,1,True,0,80.0,high,4.821068135445789,medium,13.743182202740776,True,1
2026-01-21 23:45:01,order_155,5,2,1,False,0,95.0,high,4.947770893633359,medium,15.972370439098514,False,0
2026-01-21 23:45:01,order_155,5,3,1,True,0,73.0,high,5.181039867984851,medium,11.81031049129918,False,0
2026-01-21 23:45:01,order_155,5,4,1,True,0,76.0,high,5.507350634648264,medium,11.679100184849338,False,0
2026-01-21 23:45:02,order_748,1,1,4,False,0,79.0,high,2.653657209343595,near,21.622170738396363,False,0
2026-01-21 23:45:02,order_748,1,2,4,False,0,94.0,high,2.16324689127085,near,29.716302024795493,False,0
2026-01-21 23:45:02,order_748,1,3,4,True,0,72.0,high,1.8553644083648198,near,25.215695688114362,False,0
2026-01-21 23:45:02,order_748,1,4,4,True,0,75.0,high,1.8248604464010927,near,26.549984122419545,True,1
2026-01-21 23:45:03,order_902,5,1,2,True,0,78.0,high,4.821068181804508,medium,13.399602540958439,False,0
2026-01-21 23:45:03,order_902,5,2,2,True,0,93.0,high,4.9477710132048,medium,15.636109694460043,True,1
2026-01-21 23:45:03,order_902,5,3,2,True,0,71.0,high,5.181040056843078,medium,11.486739989881693,False,0
2026-01-21 23:45:03,order_902,5,4,2,False,0,74.0,high,5.507350857426385,medium,11.371755053832539,False,0
2026-01-21 23:45:04,order_329,2,1,4,True,0,77.0,high,3.4120237834858336,medium,17.452308459489796,False,0
2026-01-21 23:45:04,order_329,2,2,4,False,0,92.0,high,3.046251373360786,medium,22.737094537847632,False,0
2026-01-21 23:45:04,order_329,2,3,4,True,0,70.0,high,2.835910429127352,near,18.248601288618882,False,0
2026-01-21 23:45:04,order_329,2,4,4,True,0,73.0,high,2.8160481563718824,near,19.129737626111336,True,1
2026-01-21 23:45:06,order_711,6,1,2,True,0,75.0,high,3.8265765112351438,medium,15.538964279426109,False,0
2026-01-21 23:45:06,order_711,6,2,2,True,0,90.0,high,3.985025523189602,medium,18.054070050661387,True,1
2026-01-21 23:45:06,order_711,6,3,2,True,0,68.0,high,4.27120210917584,medium,12.900283197570639,False,0
2026-01-21 23:45:06,order_711,6,4,2,True,0,71.0,high,4.661641974522524,medium,12.54053158421198,False,0
2026-01-21 23:45:07,order_468,1,1,4,True,0,74.0,high,2.6536563891825837,near,20.253683465991088,False,0
2026-01-21 23:45:07,order_468,1,2,4,False,0,89.0,high,2.1632462795926797,near,28.135653102375645,False,0
2026-01-21 23:45:07,order_468,1,3,4,True,0,67.0,high,1.8553641361854645,near,23.464607946468984,False,0
2026-01-21 23:45:07,order_468,1,4,4,True,0,70.0,high,1.8248606474816171,near,24.779983417024656,True,1
2026-01-21 23:45:08,order_670,2,1,2,True,0,73.0,high,3.41202326385006,medium,16.545696981728533,False,0
2026-01-21 23:45:08,order_670,2,2,2,True,0,88.0,high,3.046251005711632,medium,21.74852718622261,True,1
2026-01-21 23:45:08,order_670,2,3,2,True,0,66.0,high,2.8359102915474255,near,17.205824689235698,False,0
2026-01-21 23:45:08,order_670,2,4,2,False,0,69.0,high,2.8160482653829297,near,18.081532308154923,False,0
2026-01-21 23:45:10,order_750,2,1,2,True,0,71.0,high,3.4120230046108246,medium,16.092391160653694,False,0
2026-01-21 23:45:10,order_750,2,2,2,True,0,86.0,high,3.0462508497441227,medium,21.254243296714655,True,1
2026-01-21 23:45:10,order_750,2,3,2,True,0,64.0,high,2.8359102274738595,near,16.684436340979552,False,0
2026-01-21 23:45:10,order_750,2,4,2,True,0,67.0,high,2.8160483196055206,near,17.557429672936124,False,0
2026-01-21 23:45:12,order_860,3,1,2,True,0,69.0,high,4.271054988526813,medium,13.090358599974415,False,0
2026-01-21 23:45:12,order_860,3,2,2,True,0,84.0,high,3.9849284264146663,medium,16.850793595128046,True,1
2026-01-21 23:45:12,order_860,3,3,2,True,0,62.0,high,3.8265386167886355,medium,12.845644658128116,False,0
2026-01-21 23:45:12,order_860,3,4,2,True,0,65.0,high,3.8118420436297815,medium,13.508340342561969,False,0
2026-01-21 23:45:13,order_338,3,1,4,True,0,67.0,high,4.271054788120113,medium,12.71092839918955,False,0
2026-01-21 23:45:13,order_338,3,2,4,False,0,82.0,high,3.984928293180904,medium,16.44958466346874,False,0
2026-01-21 23:45:13,order_338,3,3,4,True,0,60.0,high,3.8265385706818784,medium,12.431269142747862,False,0
2026-01-21 23:45:13,order_338,3,4,4,True,0,63.0,high,3.8118420807565516,medium,13.092699000232919,True,1
2026-01-21 23:45:14,order_174,4,1,2,True,0,66.0,high,5.18091876706947,medium,10.678024172010316,False,0
2026-01-21 23:45:14,order_174,4,2,2,True,0,81.0,high,4.94769282424294,medium,13.618726184015765,True,1
2026-01-21 23:45:14,order_174,4,3,2,True,0,59.0,medium,4.821038120278353,medium,10.135649136958188,False,0
2026-01-21 23:45:14,order_174,4,4,2,False,0,62.0,high,4.809381616938298,medium,10.672392362592921,False,0
2026-01-21 23:45:16,order_121,2,1,4,True,0,65.0,high,3.4120222384462626,medium,14.73247333923013,False,0
2026-01-21 23:45:16,order_121,2,2,4,False,0,80.0,high,3.046250336559554,medium,19.771391620821564,False,0
2026-01-21 23:45:16,order_121,2,3,4,True,0,58.0,medium,2.835910030590337,near,15.120271210082043,False,0
2026-01-21 23:45:16,order_121,2,4,4,True,0,61.0,high,2.8160484760656557,near,15.9851218826473,True,1
2026-01-21 23:45:17,order_633,3,1,2,True,0,64.0,high,4.271054471439502,medium,12.141783080932928,False,0
2026-01-21 23:45:17,order_633,3,2,2,True,0,79.0,high,3.9849280981552493,medium,15.847771210428329,True,1
2026-01-21 23:45:17,order_633,3,3,2,True,0,57.0,medium,3.826538495380133,medium,11.809705869860828,False,0
2026-01-21 23:45:17,order_633,3,4,2,False,0,60.0,high,3.8118421429904568,medium,12.469236981808237,False,0
2026-01-21 23:45:18,order_790,3,1,4,True,0,63.0,high,4.271054392614081,medium,11.952067899029274,False,0
2026-01-21 23:45:18,order_790,3,2,4,False,0,78.0,high,3.9849280261787334,medium,15.647166737488885,False,0
2026-01-21 23:45:18,order_790,3,3,4,True,0,56.0,medium,3.826538476385882,medium,11.602518093242855,False,0
2026-01-21 23:45:18,order_790,3,4,4,True,0,59.0,medium,3.811842165801371,medium,12.26141630731856,True,1
2026-01-21 23:45:20,order_438,1,1,2,True,0,61.0,high,2.653654278621146,near,16.695613582525606,False,0
2026-01-21 23:45:20,order_438,1,2,2,True,0,76.0,high,2.1632446899208078,near,24.025963037940855,True,1
2026-01-21 23:45:20,order_438,1,3,2,True,0,54.0,medium,1.8553634671819357,near,18.911777999770592,False,0
2026-01-21 23:45:20,order_438,1,4,2,True,0,57.0,medium,1.824861158069821,near,20.17798284958795,False,0
2026-01-21 23:45:22,order_304,3,1,2,True,0,59.0,medium,4.2710539864867485,medium,11.193207307543544,False,0
2026-01-21 23:45:22,order_304,3,2,2,True,0,74.0,high,3.984927758149114,medium,14.844748728610652,True,1
2026-01-21 23:45:22,order_304,3,3,2,True,0,52.0,medium,3.8265383753046422,medium,10.773767026501236,False,0
2026-01-21 23:45:22,order_304,3,4,2,True,0,55.0,medium,3.8118422412800763,medium,11.43013366651201,False,0
2026-01-21 23:45:23,order_931,4,1,1,True,0,58.0,medium,5.180918133128438,medium,9.383719174200357,True,1
2026-01-21 23:45:23,order_931,4,2,1,False,0,73.0,high,4.94769240357048,medium,12.273667675916984,False,0
2026-01-21 23:45:23,order_931,4,3,1,True,0,51.0,medium,4.821037974534674,medium,8.761324049612796,False,0
2026-01-21 23:45:23,order_931,4,4,1,True,0,54.0,medium,4.809381754154731,medium,9.295309257543712,False,0
2026-01-21 23:45:23,order_803,4,1,4,False,0,58.0,medium,5.180918133128438,medium,9.383719174200357,False,0
2026-01-21 23:45:23,order_803,4,2,4,False,0,73.0,high,4.94769240357048,medium,12.273667675916984,False,0
2026-01-21 23:45:23,order_803,4,3,4,True,0,51.0,medium,4.821037974534674,medium,8.761324049612796,False,0
2026-01-21 23:45:23,order_803,4,4,4,True,0,54.0,medium,4.809381754154731,medium,9.295309257543712,True,1
2026-01-21 23:45:25,order_169,2,1,2,True,0,56.0,medium,3.4120211011143162,medium,12.6925956872365,False,0
2026-01-21 23:45:25,order_169,2,2,2,True,0,71.0,high,3.0462495563846,medium,17.547113446813654,True,1
2026-01-21 23:45:25,order_169,2,3,2,True,0,49.0,medium,2.835909729069759,near,12.774023233305575,False,0
2026-01-21 23:45:25,order_169,2,4,2,True,0,52.0,medium,2.8160487182021026,near,13.626660412370033,False,0
2026-01-21 23:45:27,order_115,4,1,2,True,0,54.0,medium,5.180917795299036,medium,8.736566605216831,False,0
2026-01-21 23:45:27,order_115,4,2,2,True,0,69.0,high,4.947692190985494,medium,11.601138354903188,True,1
2026-01-21 23:45:27,order_115,4,3,2,True,0,47.0,medium,4.821037899234632,medium,8.074161483501026,False,0
2026-01-21 23:45:27,order_115,4,4,2,True,0,50.0,medium,4.809381819931159,medium,8.606767733609304,False,0
2026-01-21 23:45:28,order_982,4,1,1,True,0,53.0,medium,5.180917720672088,medium,8.574778438279711,True,1
2026-01-21 23:45:28,order_982,4,2,1,False,0,68.0,high,4.947692151437423,medium,11.4330059909987,False,0
2026-01-21 23:45:28,order_982,4,3,1,True,0,46.0,medium,4.821037881432793,medium,7.902370837806254,False,0
2026-01-21 23:45:28,order_982,4,4,1,True,0,49.0,medium,4.809381833960218,medium,8.434632358568349,False,0
2026-01-21 23:45:29,order_809,2,1,2,False,0,52.0,medium,3.412020614142917,medium,11.785983010440118,False,0
2026-01-21 23:45:29,order_809,2,2,2,True,0,67.0,high,3.0462491896128974,medium,16.5585451761091,True,1
2026-01-21 23:45:29,order_809,2,3,2,True,0,45.0,medium,2.8359095932569804,near,11.731246241857217,False,0
2026-01-21 23:45:29,order_809,2,4,2,True,0,48.0,medium,2.816048818088142,near,12.578455436020395,False,0
2026-01-21 23:45:30,order_768,1,1,4,True,0,51.0,medium,2.6536526430065503,near,13.958633998122128,False,0
2026-01-21 23:45:30,order_768,1,2,4,False,0,66.0,high,2.1632434620628813,near,20.864660210807383,False,0
2026-01-21 23:45:30,order_768,1,3,4,True,0,44.0,medium,1.8553629347623277,near,15.409599762022,False,0
2026-01-21 23:45:30,order_768,1,4,4,True,0,47.0,medium,1.824861557414663,near,16.63798350635448,True,1
2026-01-21 23:45:31,order_614,4,1,2,True,0,50.0,medium,5.180917457863432,medium,8.089413964975288,False,0
2026-01-21 23:45:31,order_614,4,2,2,True,0,65.0,high,4.947691997023091,medium,10.92860895159559,True,1
2026-01-21 23:45:31,order_614,4,3,2,True,0,43.0,medium,4.821037826433491,medium,7.386998896440053,False,0
2026-01-21 23:45:31,order_614,4,4,2,False,0,46.0,medium,4.8093818847353536,medium,7.918226226592011,False,0
2026-01-21 23:45:33,order_615,6,1,2,True,0,48.0,medium,3.8265772919319416,medium,9.944935530243413,False,0
2026-01-21 23:45:33,order_615,6,2,2,True,0,63.0,high,3.985027406823853,medium,12.637844260146133,True,1
2026-01-21 23:45:33,order_615,6,3,2,True,0,41.0,medium,4.271204942082041,medium,7.7781077477525775,False,0
2026-01-21 23:45:33,order_615,6,4,2,True,0,44.0,medium,4.661645560208628,medium,7.771592116122973,False,0
2026-01-21 23:45:34,order_719,6,1,1,True,0,47.0,medium,3.826577317722472,medium,9.737749321330254,True,1
2026-01-21 23:45:34,order_719,6,2,1,False,0,62.0,high,3.985027491809246,medium,12.437243345572394,False,0
2026-01-21 23:45:34,order_719,6,3,1,True,0,40.0,medium,4.271205032106913,medium,7.5883976730861304,False,0
2026-01-21 23:45:34,order_719,6,4,1,True,0,43.0,medium,4.661645672659411,medium,7.594964871724631,False,0
2026-01-21 23:45:36,order_732,1,1,2,True,0,45.0,medium,2.653651640026547,near,12.316445144089608,False,0
2026-01-21 23:45:36,order_732,1,2,2,True,0,60.0,high,2.163242725016366,near,18.967877338495917,True,1
2026-01-21 23:45:36,order_732,1,3,2,True,0,38.0,medium,1.8553626230860552,near,13.308292156227035,False,0
2026-01-21 23:45:36,order_732,1,4,2,True,0,41.0,medium,1.8248617948229031,near,14.513984392135683,False,0
2026-01-21 23:45:37,order_242,2,1,4,True,0,44.0,medium,3.4120195994917832,medium,9.972757148465142,False,0
2026-01-21 23:45:37,order_242,2,2,4,False,0,59.0,medium,3.046248519938083,medium,14.581407866885753,False,0
2026-01-21 23:45:37,order_242,2,3,4,True,0,37.0,medium,2.835909324801527,near,9.645692029467984,False,0
2026-01-21 23:45:37,order_242,2,4,4,True,0,40.0,medium,2.8160490307880526,near,10.482045612432708,True,1
2026-01-21 23:45:38,order_913,3,1,2,True,0,43.0,medium,4.271052368667703,medium,8.157763761863093,False,0
2026-01-21 23:45:38,order_913,3,2,2,True,0,58.0,medium,3.9849267130388375,medium,11.635075767170687,True,1
2026-01-21 23:45:38,order_913,3,3,2,True,0,36.0,medium,3.82653799033033,medium,7.45876238250352,False,0
2026-01-21 23:45:38,order_913,3,4,2,False,0,39.0,medium,3.811842567445661,medium,8.105003323228617,False,0
2026-01-21 23:45:39,order_936,3,1,1,True,0,42.0,medium,4.2710522482182025,medium,7.968048507619603,True,1
2026-01-21 23:45:39,order_936,3,2,1,False,0,57.0,medium,3.9849266518635633,medium,11.434471152888706,False,0
2026-01-21 23:45:39,order_936,3,3,1,True,0,35.0,medium,3.826537967253904,medium,7.25157457321599,False,0
2026-01-21 23:45:39,order_936,3,4,1,True,0,38.0,medium,3.8118425875576563,medium,7.897182692189363,False,0
2026-01-21 23:45:40,order_628,5,1,2,False,0,41.0,medium,4.8210690525702455,medium,7.043379769201808,False,0
2026-01-21 23:45:40,order_628,5,2,2,True,0,56.0,medium,4.947773129651729,medium,9.41528850870596,True,1
2026-01-21 23:45:40,order_628,5,3,2,True,0,34.0,medium,5.18104327287382,medium,5.500689527480367,False,0
2026-01-21 23:45:40,order_628,5,4,2,True,0,37.0,medium,5.507355007864426,medium,5.685873900422502,False,0
2026-01-21 23:45:41,order_904,1,1,4,True,0,40.0,medium,2.6536508504209952,near,10.94795360519765,False,0
2026-01-21 23:45:41,order_904,1,2,4,False,0,55.0,medium,2.1632420911062833,near,17.387224378000358,False,0
2026-01-21 23:45:41,order_904,1,3,4,True,0,33.0,medium,1.8553623638079935,near,11.557202132478292,False,0
2026-01-21 23:45:41,order_904,1,4,4,True,0,36.0,medium,1.8248619949456595,near,12.743985392706774,True,1
2026-01-21 23:45:42,order_540,5,1,2,True,0,39.0,medium,4.821069098849358,medium,6.699800214999865,False,0
2026-01-21 23:45:42,order_540,5,2,2,True,0,54.0,medium,4.947773249110789,medium,9.079028022474322,True,1
2026-01-21 23:45:42,order_540,5,3,2,True,0,32.0,medium,5.181043429877639,medium,5.177119423772351,False,0
2026-01-21 23:45:42,order_540,5,4,2,False,0,35.0,medium,5.507355224251645,medium,5.378529186413831,False,0
2026-01-21 23:45:44,order_573,1,1,2,True,0,37.0,medium,2.6536503137608287,near,10.12685857227388,False,0
2026-01-21 23:45:44,order_573,1,2,2,True,0,52.0,medium,2.163241736087935,near,16.43883216598861,True,1
2026-01-21 23:45:44,order_573,1,3,2,True,0,30.0,medium,1.8553622030856372,near,10.506547984553626,False,0
2026-01-21 23:45:44,order_573,1,4,2,True,0,33.0,medium,1.8248621016075497,near,11.681986168889672,False,0
2026-01-21 23:45:45,order_987,3,1,1,True,0,36.0,medium,4.271051660949294,medium,6.829756624604311,True,1
2026-01-21 23:45:45,order_987,3,2,1,False,0,51.0,medium,3.984926253127388,medium,10.230843428827896,False,0
2026-01-21 23:45:45,order_987,3,3,1,True,0,29.0,low,3.8265378260521716,medium,6.008447679300655,False,0
2026-01-21 23:45:45,order_987,3,4,1,True,0,32.0,medium,3.8118427082715614,medium,6.650258942378141,False,0
